FEN:START_ID,FEN:END_ID,:TYPE
org.apache.commons.csv.CSVParser.builder(),org.apache.commons.csv.CSVParser.builder().CFG_Path_1,Has_CFG_Path
"org.apache.commons.csv.CSVParser.parse(File,Charset,CSVFormat)","org.apache.commons.csv.CSVParser.parse(File,Charset,CSVFormat).CFG_Path_1",Has_CFG_Path
"org.apache.commons.csv.CSVParser.parse(InputStream,Charset,CSVFormat)","org.apache.commons.csv.CSVParser.parse(InputStream,Charset,CSVFormat).CFG_Path_1",Has_CFG_Path
"org.apache.commons.csv.CSVParser.parse(Path,Charset,CSVFormat)","org.apache.commons.csv.CSVParser.parse(Path,Charset,CSVFormat).CFG_Path_1",Has_CFG_Path
"org.apache.commons.csv.CSVParser.parse(Reader,CSVFormat)","org.apache.commons.csv.CSVParser.parse(Reader,CSVFormat).CFG_Path_1",Has_CFG_Path
"org.apache.commons.csv.CSVParser.parse(String,CSVFormat)","org.apache.commons.csv.CSVParser.parse(String,CSVFormat).CFG_Path_1",Has_CFG_Path
"org.apache.commons.csv.CSVParser.parse(URL,Charset,CSVFormat)","org.apache.commons.csv.CSVParser.parse(URL,Charset,CSVFormat).CFG_Path_1",Has_CFG_Path
org.apache.commons.csv.CSVParser.addRecordValue(boolean),org.apache.commons.csv.CSVParser.addRecordValue(boolean).CFG_Path_1,Has_CFG_Path
org.apache.commons.csv.CSVParser.addRecordValue(boolean),org.apache.commons.csv.CSVParser.addRecordValue(boolean).CFG_Path_2,Has_CFG_Path
org.apache.commons.csv.CSVParser.addRecordValue(boolean),org.apache.commons.csv.CSVParser.addRecordValue(boolean).CFG_Path_3,Has_CFG_Path
org.apache.commons.csv.CSVParser.addRecordValue(boolean),org.apache.commons.csv.CSVParser.addRecordValue(boolean).CFG_Path_4,Has_CFG_Path
org.apache.commons.csv.CSVParser.close(),org.apache.commons.csv.CSVParser.close().CFG_Path_1,Has_CFG_Path
org.apache.commons.csv.CSVParser.createEmptyHeaderMap(),org.apache.commons.csv.CSVParser.createEmptyHeaderMap().CFG_Path_1,Has_CFG_Path
org.apache.commons.csv.CSVParser.createEmptyHeaderMap(),org.apache.commons.csv.CSVParser.createEmptyHeaderMap().CFG_Path_2,Has_CFG_Path
org.apache.commons.csv.CSVParser.getCurrentLineNumber(),org.apache.commons.csv.CSVParser.getCurrentLineNumber().CFG_Path_1,Has_CFG_Path
org.apache.commons.csv.CSVParser.getFirstEndOfLine(),org.apache.commons.csv.CSVParser.getFirstEndOfLine().CFG_Path_1,Has_CFG_Path
org.apache.commons.csv.CSVParser.getHeaderComment(),org.apache.commons.csv.CSVParser.getHeaderComment().CFG_Path_1,Has_CFG_Path
org.apache.commons.csv.CSVParser.getHeaderMap(),org.apache.commons.csv.CSVParser.getHeaderMap().CFG_Path_1,Has_CFG_Path
org.apache.commons.csv.CSVParser.getHeaderMap(),org.apache.commons.csv.CSVParser.getHeaderMap().CFG_Path_2,Has_CFG_Path
org.apache.commons.csv.CSVParser.getHeaderMapRaw(),org.apache.commons.csv.CSVParser.getHeaderMapRaw().CFG_Path_1,Has_CFG_Path
org.apache.commons.csv.CSVParser.getHeaderNames(),org.apache.commons.csv.CSVParser.getHeaderNames().CFG_Path_1,Has_CFG_Path
org.apache.commons.csv.CSVParser.getRecordNumber(),org.apache.commons.csv.CSVParser.getRecordNumber().CFG_Path_1,Has_CFG_Path
org.apache.commons.csv.CSVParser.getRecords(),org.apache.commons.csv.CSVParser.getRecords().CFG_Path_1,Has_CFG_Path
org.apache.commons.csv.CSVParser.getTrailerComment(),org.apache.commons.csv.CSVParser.getTrailerComment().CFG_Path_1,Has_CFG_Path
org.apache.commons.csv.CSVParser.handleNull(String),org.apache.commons.csv.CSVParser.handleNull(String).CFG_Path_1,Has_CFG_Path
org.apache.commons.csv.CSVParser.handleNull(String),org.apache.commons.csv.CSVParser.handleNull(String).CFG_Path_2,Has_CFG_Path
org.apache.commons.csv.CSVParser.handleNull(String),org.apache.commons.csv.CSVParser.handleNull(String).CFG_Path_3,Has_CFG_Path
org.apache.commons.csv.CSVParser.handleNull(String),org.apache.commons.csv.CSVParser.handleNull(String).CFG_Path_4,Has_CFG_Path
org.apache.commons.csv.CSVParser.handleNull(String),org.apache.commons.csv.CSVParser.handleNull(String).CFG_Path_5,Has_CFG_Path
org.apache.commons.csv.CSVParser.handleNull(String),org.apache.commons.csv.CSVParser.handleNull(String).CFG_Path_6,Has_CFG_Path
org.apache.commons.csv.CSVParser.handleNull(String),org.apache.commons.csv.CSVParser.handleNull(String).CFG_Path_7,Has_CFG_Path
org.apache.commons.csv.CSVParser.handleNull(String),org.apache.commons.csv.CSVParser.handleNull(String).CFG_Path_8,Has_CFG_Path
org.apache.commons.csv.CSVParser.hasHeaderComment(),org.apache.commons.csv.CSVParser.hasHeaderComment().CFG_Path_1,Has_CFG_Path
org.apache.commons.csv.CSVParser.hasHeaderComment(),org.apache.commons.csv.CSVParser.hasHeaderComment().CFG_Path_2,Has_CFG_Path
org.apache.commons.csv.CSVParser.hasTrailerComment(),org.apache.commons.csv.CSVParser.hasTrailerComment().CFG_Path_1,Has_CFG_Path
org.apache.commons.csv.CSVParser.hasTrailerComment(),org.apache.commons.csv.CSVParser.hasTrailerComment().CFG_Path_2,Has_CFG_Path
org.apache.commons.csv.CSVParser.isClosed(),org.apache.commons.csv.CSVParser.isClosed().CFG_Path_1,Has_CFG_Path
org.apache.commons.csv.CSVParser.isStrictQuoteMode(),org.apache.commons.csv.CSVParser.isStrictQuoteMode().CFG_Path_1,Has_CFG_Path
org.apache.commons.csv.CSVParser.isStrictQuoteMode(),org.apache.commons.csv.CSVParser.isStrictQuoteMode().CFG_Path_2,Has_CFG_Path
org.apache.commons.csv.CSVParser.isStrictQuoteMode(),org.apache.commons.csv.CSVParser.isStrictQuoteMode().CFG_Path_3,Has_CFG_Path
org.apache.commons.csv.CSVParser.iterator(),org.apache.commons.csv.CSVParser.iterator().CFG_Path_1,Has_CFG_Path
org.apache.commons.csv.CSVParser.stream(),org.apache.commons.csv.CSVParser.stream().CFG_Path_1,Has_CFG_Path
"org.apache.commons.csv.CSVParser.<init>(Reader,CSVFormat)","org.apache.commons.csv.CSVParser.<init>(Reader,CSVFormat).CFG_Path_1",Has_CFG_Path
"org.apache.commons.csv.CSVParser.<init>(Reader,CSVFormat,long,long)","org.apache.commons.csv.CSVParser.<init>(Reader,CSVFormat,long,long).CFG_Path_1",Has_CFG_Path
"org.apache.commons.csv.CSVParser.<init>(Reader,CSVFormat,long,long,Charset,boolean)","org.apache.commons.csv.CSVParser.<init>(Reader,CSVFormat,long,long,Charset,boolean).CFG_Path_1",Has_CFG_Path
org.apache.commons.csv.CSVParser$Builder.get(),org.apache.commons.csv.CSVParser$Builder.get().CFG_Path_1,Has_CFG_Path
org.apache.commons.csv.CSVParser$Builder.get(),org.apache.commons.csv.CSVParser$Builder.get().CFG_Path_2,Has_CFG_Path
org.apache.commons.csv.CSVParser$Builder.setCharacterOffset(long),org.apache.commons.csv.CSVParser$Builder.setCharacterOffset(long).CFG_Path_1,Has_CFG_Path
org.apache.commons.csv.CSVParser$Builder.setFormat(CSVFormat),org.apache.commons.csv.CSVParser$Builder.setFormat(CSVFormat).CFG_Path_1,Has_CFG_Path
org.apache.commons.csv.CSVParser$Builder.setRecordNumber(long),org.apache.commons.csv.CSVParser$Builder.setRecordNumber(long).CFG_Path_1,Has_CFG_Path
org.apache.commons.csv.CSVParser$Builder.setTrackBytes(boolean),org.apache.commons.csv.CSVParser$Builder.setTrackBytes(boolean).CFG_Path_1,Has_CFG_Path
org.apache.commons.csv.CSVParser$Builder.<init>(),org.apache.commons.csv.CSVParser$Builder.<init>().CFG_Path_1,Has_CFG_Path
org.apache.commons.csv.CSVParser$CSVRecordIterator.getNextRecord(),org.apache.commons.csv.CSVParser$CSVRecordIterator.getNextRecord().CFG_Path_1,Has_CFG_Path
org.apache.commons.csv.CSVParser$CSVRecordIterator.getNextRecord(),org.apache.commons.csv.CSVParser$CSVRecordIterator.getNextRecord().CFG_Path_2,Has_CFG_Path
org.apache.commons.csv.CSVParser$CSVRecordIterator.hasNext(),org.apache.commons.csv.CSVParser$CSVRecordIterator.hasNext().CFG_Path_1,Has_CFG_Path
org.apache.commons.csv.CSVParser$CSVRecordIterator.hasNext(),org.apache.commons.csv.CSVParser$CSVRecordIterator.hasNext().CFG_Path_2,Has_CFG_Path
org.apache.commons.csv.CSVParser$CSVRecordIterator.hasNext(),org.apache.commons.csv.CSVParser$CSVRecordIterator.hasNext().CFG_Path_3,Has_CFG_Path
org.apache.commons.csv.CSVParser$CSVRecordIterator.hasNext(),org.apache.commons.csv.CSVParser$CSVRecordIterator.hasNext().CFG_Path_4,Has_CFG_Path
org.apache.commons.csv.CSVParser$CSVRecordIterator.hasNext(),org.apache.commons.csv.CSVParser$CSVRecordIterator.hasNext().CFG_Path_5,Has_CFG_Path
org.apache.commons.csv.CSVParser$CSVRecordIterator.next(),org.apache.commons.csv.CSVParser$CSVRecordIterator.next().CFG_Path_1,Has_CFG_Path
org.apache.commons.csv.CSVParser$CSVRecordIterator.next(),org.apache.commons.csv.CSVParser$CSVRecordIterator.next().CFG_Path_2,Has_CFG_Path
org.apache.commons.csv.CSVParser$CSVRecordIterator.next(),org.apache.commons.csv.CSVParser$CSVRecordIterator.next().CFG_Path_3,Has_CFG_Path
org.apache.commons.csv.CSVParser$CSVRecordIterator.next(),org.apache.commons.csv.CSVParser$CSVRecordIterator.next().CFG_Path_4,Has_CFG_Path
org.apache.commons.csv.CSVParser$CSVRecordIterator.remove(),org.apache.commons.csv.CSVParser$CSVRecordIterator.remove().CFG_Path_1,Has_CFG_Path
"org.apache.commons.csv.CSVParser$Headers.<init>(Map,List)","org.apache.commons.csv.CSVParser$Headers.<init>(Map,List).CFG_Path_1",Has_CFG_Path
org.apache.commons.csv.CSVPrinter.close(),org.apache.commons.csv.CSVPrinter.close().CFG_Path_1,Has_CFG_Path
org.apache.commons.csv.CSVPrinter.close(boolean),org.apache.commons.csv.CSVPrinter.close(boolean).CFG_Path_1,Has_CFG_Path
org.apache.commons.csv.CSVPrinter.close(boolean),org.apache.commons.csv.CSVPrinter.close(boolean).CFG_Path_2,Has_CFG_Path
org.apache.commons.csv.CSVPrinter.close(boolean),org.apache.commons.csv.CSVPrinter.close(boolean).CFG_Path_3,Has_CFG_Path
org.apache.commons.csv.CSVPrinter.close(boolean),org.apache.commons.csv.CSVPrinter.close(boolean).CFG_Path_4,Has_CFG_Path
org.apache.commons.csv.CSVPrinter.close(boolean),org.apache.commons.csv.CSVPrinter.close(boolean).CFG_Path_5,Has_CFG_Path
org.apache.commons.csv.CSVPrinter.close(boolean),org.apache.commons.csv.CSVPrinter.close(boolean).CFG_Path_6,Has_CFG_Path
org.apache.commons.csv.CSVPrinter.endOfRecord(),org.apache.commons.csv.CSVPrinter.endOfRecord().CFG_Path_1,Has_CFG_Path
org.apache.commons.csv.CSVPrinter.flush(),org.apache.commons.csv.CSVPrinter.flush().CFG_Path_1,Has_CFG_Path
org.apache.commons.csv.CSVPrinter.flush(),org.apache.commons.csv.CSVPrinter.flush().CFG_Path_2,Has_CFG_Path
org.apache.commons.csv.CSVPrinter.getOut(),org.apache.commons.csv.CSVPrinter.getOut().CFG_Path_1,Has_CFG_Path
org.apache.commons.csv.CSVPrinter.getRecordCount(),org.apache.commons.csv.CSVPrinter.getRecordCount().CFG_Path_1,Has_CFG_Path
org.apache.commons.csv.CSVPrinter.print(Object),org.apache.commons.csv.CSVPrinter.print(Object).CFG_Path_1,Has_CFG_Path
org.apache.commons.csv.CSVPrinter.printComment(String),org.apache.commons.csv.CSVPrinter.printComment(String).CFG_Path_1,Has_CFG_Path
org.apache.commons.csv.CSVPrinter.printComment(String),org.apache.commons.csv.CSVPrinter.printComment(String).CFG_Path_2,Has_CFG_Path
org.apache.commons.csv.CSVPrinter.printComment(String),org.apache.commons.csv.CSVPrinter.printComment(String).CFG_Path_3,Has_CFG_Path
org.apache.commons.csv.CSVPrinter.printComment(String),org.apache.commons.csv.CSVPrinter.printComment(String).CFG_Path_4,Has_CFG_Path
org.apache.commons.csv.CSVPrinter.printComment(String),org.apache.commons.csv.CSVPrinter.printComment(String).CFG_Path_5,Has_CFG_Path
org.apache.commons.csv.CSVPrinter.printComment(String),org.apache.commons.csv.CSVPrinter.printComment(String).CFG_Path_6,Has_CFG_Path
org.apache.commons.csv.CSVPrinter.printComment(String),org.apache.commons.csv.CSVPrinter.printComment(String).CFG_Path_7,Has_CFG_Path
org.apache.commons.csv.CSVPrinter.printComment(String),org.apache.commons.csv.CSVPrinter.printComment(String).CFG_Path_8,Has_CFG_Path
org.apache.commons.csv.CSVPrinter.printComment(String),org.apache.commons.csv.CSVPrinter.printComment(String).CFG_Path_9,Has_CFG_Path
org.apache.commons.csv.CSVPrinter.printComment(String),org.apache.commons.csv.CSVPrinter.printComment(String).CFG_Path_10,Has_CFG_Path
org.apache.commons.csv.CSVPrinter.printComment(String),org.apache.commons.csv.CSVPrinter.printComment(String).CFG_Path_11,Has_CFG_Path
org.apache.commons.csv.CSVPrinter.printComment(String),org.apache.commons.csv.CSVPrinter.printComment(String).CFG_Path_12,Has_CFG_Path
org.apache.commons.csv.CSVPrinter.printComment(String),org.apache.commons.csv.CSVPrinter.printComment(String).CFG_Path_13,Has_CFG_Path
org.apache.commons.csv.CSVPrinter.printComment(String),org.apache.commons.csv.CSVPrinter.printComment(String).CFG_Path_14,Has_CFG_Path
org.apache.commons.csv.CSVPrinter.printHeaders(ResultSet),org.apache.commons.csv.CSVPrinter.printHeaders(ResultSet).CFG_Path_1,Has_CFG_Path
org.apache.commons.csv.CSVPrinter.printHeaders(ResultSet),org.apache.commons.csv.CSVPrinter.printHeaders(ResultSet).CFG_Path_2,Has_CFG_Path
org.apache.commons.csv.CSVPrinter.printHeaders(ResultSet),org.apache.commons.csv.CSVPrinter.printHeaders(ResultSet).CFG_Path_3,Has_CFG_Path
org.apache.commons.csv.CSVPrinter.printHeaders(ResultSet),org.apache.commons.csv.CSVPrinter.printHeaders(ResultSet).CFG_Path_4,Has_CFG_Path
org.apache.commons.csv.CSVPrinter.printHeaders(ResultSet),org.apache.commons.csv.CSVPrinter.printHeaders(ResultSet).CFG_Path_5,Has_CFG_Path
org.apache.commons.csv.CSVPrinter.printHeaders(ResultSet),org.apache.commons.csv.CSVPrinter.printHeaders(ResultSet).CFG_Path_6,Has_CFG_Path
org.apache.commons.csv.CSVPrinter.printHeaders(ResultSet),org.apache.commons.csv.CSVPrinter.printHeaders(ResultSet).CFG_Path_7,Has_CFG_Path
org.apache.commons.csv.CSVPrinter.printHeaders(ResultSet),org.apache.commons.csv.CSVPrinter.printHeaders(ResultSet).CFG_Path_8,Has_CFG_Path
org.apache.commons.csv.CSVPrinter.println(),org.apache.commons.csv.CSVPrinter.println().CFG_Path_1,Has_CFG_Path
org.apache.commons.csv.CSVPrinter.printRecord(Iterable),org.apache.commons.csv.CSVPrinter.printRecord(Iterable).CFG_Path_1,Has_CFG_Path
org.apache.commons.csv.CSVPrinter.printRecord(Object[]),org.apache.commons.csv.CSVPrinter.printRecord(Object[]).CFG_Path_1,Has_CFG_Path
org.apache.commons.csv.CSVPrinter.printRecord(Stream),org.apache.commons.csv.CSVPrinter.printRecord(Stream).CFG_Path_1,Has_CFG_Path
org.apache.commons.csv.CSVPrinter.printRecordObject(Object),org.apache.commons.csv.CSVPrinter.printRecordObject(Object).CFG_Path_1,Has_CFG_Path
org.apache.commons.csv.CSVPrinter.printRecordObject(Object),org.apache.commons.csv.CSVPrinter.printRecordObject(Object).CFG_Path_2,Has_CFG_Path
org.apache.commons.csv.CSVPrinter.printRecordObject(Object),org.apache.commons.csv.CSVPrinter.printRecordObject(Object).CFG_Path_3,Has_CFG_Path
org.apache.commons.csv.CSVPrinter.printRecords(IOStream),org.apache.commons.csv.CSVPrinter.printRecords(IOStream).CFG_Path_1,Has_CFG_Path
org.apache.commons.csv.CSVPrinter.printRecords(Iterable),org.apache.commons.csv.CSVPrinter.printRecords(Iterable).CFG_Path_1,Has_CFG_Path
org.apache.commons.csv.CSVPrinter.printRecords(Object[]),org.apache.commons.csv.CSVPrinter.printRecords(Object[]).CFG_Path_1,Has_CFG_Path
"org.apache.commons.csv.CSVPrinter.printRecords(ResultSet,boolean)","org.apache.commons.csv.CSVPrinter.printRecords(ResultSet,boolean).CFG_Path_1",Has_CFG_Path
"org.apache.commons.csv.CSVPrinter.printRecords(ResultSet,boolean)","org.apache.commons.csv.CSVPrinter.printRecords(ResultSet,boolean).CFG_Path_2",Has_CFG_Path
org.apache.commons.csv.CSVPrinter.printRecords(Stream),org.apache.commons.csv.CSVPrinter.printRecords(Stream).CFG_Path_1,Has_CFG_Path
"org.apache.commons.csv.CSVPrinter.<init>(Appendable,CSVFormat)","org.apache.commons.csv.CSVPrinter.<init>(Appendable,CSVFormat).CFG_Path_1",Has_CFG_Path
"org.apache.commons.csv.CSVPrinter.<init>(Appendable,CSVFormat)","org.apache.commons.csv.CSVPrinter.<init>(Appendable,CSVFormat).CFG_Path_2",Has_CFG_Path
"org.apache.commons.csv.CSVPrinter.<init>(Appendable,CSVFormat)","org.apache.commons.csv.CSVPrinter.<init>(Appendable,CSVFormat).CFG_Path_3",Has_CFG_Path
"org.apache.commons.csv.CSVPrinter.<init>(Appendable,CSVFormat)","org.apache.commons.csv.CSVPrinter.<init>(Appendable,CSVFormat).CFG_Path_4",Has_CFG_Path
"org.apache.commons.csv.CSVPrinter.<init>(Appendable,CSVFormat)","org.apache.commons.csv.CSVPrinter.<init>(Appendable,CSVFormat).CFG_Path_5",Has_CFG_Path
"org.apache.commons.csv.CSVPrinter.<init>(Appendable,CSVFormat)","org.apache.commons.csv.CSVPrinter.<init>(Appendable,CSVFormat).CFG_Path_6",Has_CFG_Path
"org.apache.commons.csv.CSVPrinter.<init>(Appendable,CSVFormat)","org.apache.commons.csv.CSVPrinter.<init>(Appendable,CSVFormat).CFG_Path_7",Has_CFG_Path
"org.apache.commons.csv.CSVPrinter.<init>(Appendable,CSVFormat)","org.apache.commons.csv.CSVPrinter.<init>(Appendable,CSVFormat).CFG_Path_8",Has_CFG_Path
"org.apache.commons.csv.CSVPrinter.<init>(Appendable,CSVFormat)","org.apache.commons.csv.CSVPrinter.<init>(Appendable,CSVFormat).CFG_Path_9",Has_CFG_Path
org.apache.commons.csv.CSVFormat.clone(Object[]),org.apache.commons.csv.CSVFormat.clone(Object[]).CFG_Path_1,Has_CFG_Path
org.apache.commons.csv.CSVFormat.clone(Object[]),org.apache.commons.csv.CSVFormat.clone(Object[]).CFG_Path_2,Has_CFG_Path
"org.apache.commons.csv.CSVFormat.contains(String,char)","org.apache.commons.csv.CSVFormat.contains(String,char).CFG_Path_1",Has_CFG_Path
"org.apache.commons.csv.CSVFormat.contains(String,char)","org.apache.commons.csv.CSVFormat.contains(String,char).CFG_Path_2",Has_CFG_Path
org.apache.commons.csv.CSVFormat.containsLineBreak(String),org.apache.commons.csv.CSVFormat.containsLineBreak(String).CFG_Path_1,Has_CFG_Path
org.apache.commons.csv.CSVFormat.containsLineBreak(String),org.apache.commons.csv.CSVFormat.containsLineBreak(String).CFG_Path_2,Has_CFG_Path
org.apache.commons.csv.CSVFormat.containsLineBreak(String),org.apache.commons.csv.CSVFormat.containsLineBreak(String).CFG_Path_3,Has_CFG_Path
org.apache.commons.csv.CSVFormat.copy(CSVFormat),org.apache.commons.csv.CSVFormat.copy(CSVFormat).CFG_Path_1,Has_CFG_Path
org.apache.commons.csv.CSVFormat.copy(CSVFormat),org.apache.commons.csv.CSVFormat.copy(CSVFormat).CFG_Path_2,Has_CFG_Path
org.apache.commons.csv.CSVFormat.isBlank(String),org.apache.commons.csv.CSVFormat.isBlank(String).CFG_Path_1,Has_CFG_Path
org.apache.commons.csv.CSVFormat.isBlank(String),org.apache.commons.csv.CSVFormat.isBlank(String).CFG_Path_2,Has_CFG_Path
org.apache.commons.csv.CSVFormat.isBlank(String),org.apache.commons.csv.CSVFormat.isBlank(String).CFG_Path_3,Has_CFG_Path
org.apache.commons.csv.CSVFormat.isLineBreak(char),org.apache.commons.csv.CSVFormat.isLineBreak(char).CFG_Path_1,Has_CFG_Path
org.apache.commons.csv.CSVFormat.isLineBreak(char),org.apache.commons.csv.CSVFormat.isLineBreak(char).CFG_Path_2,Has_CFG_Path
org.apache.commons.csv.CSVFormat.isLineBreak(char),org.apache.commons.csv.CSVFormat.isLineBreak(char).CFG_Path_3,Has_CFG_Path
org.apache.commons.csv.CSVFormat.isLineBreak(Character),org.apache.commons.csv.CSVFormat.isLineBreak(Character).CFG_Path_1,Has_CFG_Path
org.apache.commons.csv.CSVFormat.isLineBreak(Character),org.apache.commons.csv.CSVFormat.isLineBreak(Character).CFG_Path_2,Has_CFG_Path
org.apache.commons.csv.CSVFormat.isLineBreak(Character),org.apache.commons.csv.CSVFormat.isLineBreak(Character).CFG_Path_3,Has_CFG_Path
org.apache.commons.csv.CSVFormat.isTrimChar(char),org.apache.commons.csv.CSVFormat.isTrimChar(char).CFG_Path_1,Has_CFG_Path
org.apache.commons.csv.CSVFormat.isTrimChar(char),org.apache.commons.csv.CSVFormat.isTrimChar(char).CFG_Path_2,Has_CFG_Path
"org.apache.commons.csv.CSVFormat.isTrimChar(CharSequence,int)","org.apache.commons.csv.CSVFormat.isTrimChar(CharSequence,int).CFG_Path_1",Has_CFG_Path
org.apache.commons.csv.CSVFormat.newFormat(char),org.apache.commons.csv.CSVFormat.newFormat(char).CFG_Path_1,Has_CFG_Path
org.apache.commons.csv.CSVFormat.toStringArray(Object[]),org.apache.commons.csv.CSVFormat.toStringArray(Object[]).CFG_Path_1,Has_CFG_Path
org.apache.commons.csv.CSVFormat.toStringArray(Object[]),org.apache.commons.csv.CSVFormat.toStringArray(Object[]).CFG_Path_2,Has_CFG_Path
org.apache.commons.csv.CSVFormat.trim(CharSequence),org.apache.commons.csv.CSVFormat.trim(CharSequence).CFG_Path_1,Has_CFG_Path
org.apache.commons.csv.CSVFormat.trim(CharSequence),org.apache.commons.csv.CSVFormat.trim(CharSequence).CFG_Path_2,Has_CFG_Path
org.apache.commons.csv.CSVFormat.trim(CharSequence),org.apache.commons.csv.CSVFormat.trim(CharSequence).CFG_Path_3,Has_CFG_Path
org.apache.commons.csv.CSVFormat.trim(CharSequence),org.apache.commons.csv.CSVFormat.trim(CharSequence).CFG_Path_4,Has_CFG_Path
org.apache.commons.csv.CSVFormat.trim(CharSequence),org.apache.commons.csv.CSVFormat.trim(CharSequence).CFG_Path_5,Has_CFG_Path
org.apache.commons.csv.CSVFormat.trim(CharSequence),org.apache.commons.csv.CSVFormat.trim(CharSequence).CFG_Path_6,Has_CFG_Path
org.apache.commons.csv.CSVFormat.trim(CharSequence),org.apache.commons.csv.CSVFormat.trim(CharSequence).CFG_Path_7,Has_CFG_Path
org.apache.commons.csv.CSVFormat.trim(CharSequence),org.apache.commons.csv.CSVFormat.trim(CharSequence).CFG_Path_8,Has_CFG_Path
org.apache.commons.csv.CSVFormat.trim(CharSequence),org.apache.commons.csv.CSVFormat.trim(CharSequence).CFG_Path_9,Has_CFG_Path
org.apache.commons.csv.CSVFormat.trim(CharSequence),org.apache.commons.csv.CSVFormat.trim(CharSequence).CFG_Path_10,Has_CFG_Path
org.apache.commons.csv.CSVFormat.trim(CharSequence),org.apache.commons.csv.CSVFormat.trim(CharSequence).CFG_Path_11,Has_CFG_Path
org.apache.commons.csv.CSVFormat.trim(CharSequence),org.apache.commons.csv.CSVFormat.trim(CharSequence).CFG_Path_12,Has_CFG_Path
org.apache.commons.csv.CSVFormat.trim(CharSequence),org.apache.commons.csv.CSVFormat.trim(CharSequence).CFG_Path_13,Has_CFG_Path
org.apache.commons.csv.CSVFormat.trim(CharSequence),org.apache.commons.csv.CSVFormat.trim(CharSequence).CFG_Path_14,Has_CFG_Path
org.apache.commons.csv.CSVFormat.trim(CharSequence),org.apache.commons.csv.CSVFormat.trim(CharSequence).CFG_Path_15,Has_CFG_Path
org.apache.commons.csv.CSVFormat.trim(CharSequence),org.apache.commons.csv.CSVFormat.trim(CharSequence).CFG_Path_16,Has_CFG_Path
org.apache.commons.csv.CSVFormat.trim(CharSequence),org.apache.commons.csv.CSVFormat.trim(CharSequence).CFG_Path_17,Has_CFG_Path
org.apache.commons.csv.CSVFormat.trim(CharSequence),org.apache.commons.csv.CSVFormat.trim(CharSequence).CFG_Path_18,Has_CFG_Path
org.apache.commons.csv.CSVFormat.trim(CharSequence),org.apache.commons.csv.CSVFormat.trim(CharSequence).CFG_Path_19,Has_CFG_Path
org.apache.commons.csv.CSVFormat.trim(CharSequence),org.apache.commons.csv.CSVFormat.trim(CharSequence).CFG_Path_20,Has_CFG_Path
org.apache.commons.csv.CSVFormat.trim(CharSequence),org.apache.commons.csv.CSVFormat.trim(CharSequence).CFG_Path_21,Has_CFG_Path
org.apache.commons.csv.CSVFormat.trim(CharSequence),org.apache.commons.csv.CSVFormat.trim(CharSequence).CFG_Path_22,Has_CFG_Path
org.apache.commons.csv.CSVFormat.trim(CharSequence),org.apache.commons.csv.CSVFormat.trim(CharSequence).CFG_Path_23,Has_CFG_Path
org.apache.commons.csv.CSVFormat.trim(CharSequence),org.apache.commons.csv.CSVFormat.trim(CharSequence).CFG_Path_24,Has_CFG_Path
org.apache.commons.csv.CSVFormat.trim(CharSequence),org.apache.commons.csv.CSVFormat.trim(CharSequence).CFG_Path_25,Has_CFG_Path
org.apache.commons.csv.CSVFormat.trim(CharSequence),org.apache.commons.csv.CSVFormat.trim(CharSequence).CFG_Path_26,Has_CFG_Path
org.apache.commons.csv.CSVFormat.trim(CharSequence),org.apache.commons.csv.CSVFormat.trim(CharSequence).CFG_Path_27,Has_CFG_Path
org.apache.commons.csv.CSVFormat.trim(CharSequence),org.apache.commons.csv.CSVFormat.trim(CharSequence).CFG_Path_28,Has_CFG_Path
org.apache.commons.csv.CSVFormat.trim(CharSequence),org.apache.commons.csv.CSVFormat.trim(CharSequence).CFG_Path_29,Has_CFG_Path
org.apache.commons.csv.CSVFormat.trim(CharSequence),org.apache.commons.csv.CSVFormat.trim(CharSequence).CFG_Path_30,Has_CFG_Path
org.apache.commons.csv.CSVFormat.trim(CharSequence),org.apache.commons.csv.CSVFormat.trim(CharSequence).CFG_Path_31,Has_CFG_Path
org.apache.commons.csv.CSVFormat.trim(CharSequence),org.apache.commons.csv.CSVFormat.trim(CharSequence).CFG_Path_32,Has_CFG_Path
org.apache.commons.csv.CSVFormat.trim(CharSequence),org.apache.commons.csv.CSVFormat.trim(CharSequence).CFG_Path_33,Has_CFG_Path
org.apache.commons.csv.CSVFormat.trim(CharSequence),org.apache.commons.csv.CSVFormat.trim(CharSequence).CFG_Path_34,Has_CFG_Path
org.apache.commons.csv.CSVFormat.trim(CharSequence),org.apache.commons.csv.CSVFormat.trim(CharSequence).CFG_Path_35,Has_CFG_Path
org.apache.commons.csv.CSVFormat.trim(CharSequence),org.apache.commons.csv.CSVFormat.trim(CharSequence).CFG_Path_36,Has_CFG_Path
org.apache.commons.csv.CSVFormat.trim(CharSequence),org.apache.commons.csv.CSVFormat.trim(CharSequence).CFG_Path_37,Has_CFG_Path
org.apache.commons.csv.CSVFormat.trim(CharSequence),org.apache.commons.csv.CSVFormat.trim(CharSequence).CFG_Path_38,Has_CFG_Path
org.apache.commons.csv.CSVFormat.trim(CharSequence),org.apache.commons.csv.CSVFormat.trim(CharSequence).CFG_Path_39,Has_CFG_Path
org.apache.commons.csv.CSVFormat.trim(CharSequence),org.apache.commons.csv.CSVFormat.trim(CharSequence).CFG_Path_40,Has_CFG_Path
org.apache.commons.csv.CSVFormat.trim(CharSequence),org.apache.commons.csv.CSVFormat.trim(CharSequence).CFG_Path_41,Has_CFG_Path
org.apache.commons.csv.CSVFormat.trim(CharSequence),org.apache.commons.csv.CSVFormat.trim(CharSequence).CFG_Path_42,Has_CFG_Path
org.apache.commons.csv.CSVFormat.trim(CharSequence),org.apache.commons.csv.CSVFormat.trim(CharSequence).CFG_Path_43,Has_CFG_Path
org.apache.commons.csv.CSVFormat.trim(CharSequence),org.apache.commons.csv.CSVFormat.trim(CharSequence).CFG_Path_44,Has_CFG_Path
org.apache.commons.csv.CSVFormat.trim(CharSequence),org.apache.commons.csv.CSVFormat.trim(CharSequence).CFG_Path_45,Has_CFG_Path
org.apache.commons.csv.CSVFormat.trim(CharSequence),org.apache.commons.csv.CSVFormat.trim(CharSequence).CFG_Path_46,Has_CFG_Path
org.apache.commons.csv.CSVFormat.trim(CharSequence),org.apache.commons.csv.CSVFormat.trim(CharSequence).CFG_Path_47,Has_CFG_Path
org.apache.commons.csv.CSVFormat.trim(CharSequence),org.apache.commons.csv.CSVFormat.trim(CharSequence).CFG_Path_48,Has_CFG_Path
org.apache.commons.csv.CSVFormat.trim(CharSequence),org.apache.commons.csv.CSVFormat.trim(CharSequence).CFG_Path_49,Has_CFG_Path
org.apache.commons.csv.CSVFormat.valueOf(String),org.apache.commons.csv.CSVFormat.valueOf(String).CFG_Path_1,Has_CFG_Path
"org.apache.commons.csv.CSVFormat.append(char,Appendable)","org.apache.commons.csv.CSVFormat.append(char,Appendable).CFG_Path_1",Has_CFG_Path
"org.apache.commons.csv.CSVFormat.append(CharSequence,Appendable)","org.apache.commons.csv.CSVFormat.append(CharSequence,Appendable).CFG_Path_1",Has_CFG_Path
org.apache.commons.csv.CSVFormat.builder(),org.apache.commons.csv.CSVFormat.builder().CFG_Path_1,Has_CFG_Path
org.apache.commons.csv.CSVFormat.copy(),org.apache.commons.csv.CSVFormat.copy().CFG_Path_1,Has_CFG_Path
org.apache.commons.csv.CSVFormat.equals(Object),org.apache.commons.csv.CSVFormat.equals(Object).CFG_Path_1,Has_CFG_Path
org.apache.commons.csv.CSVFormat.equals(Object),org.apache.commons.csv.CSVFormat.equals(Object).CFG_Path_2,Has_CFG_Path
org.apache.commons.csv.CSVFormat.equals(Object),org.apache.commons.csv.CSVFormat.equals(Object).CFG_Path_3,Has_CFG_Path
org.apache.commons.csv.CSVFormat.equals(Object),org.apache.commons.csv.CSVFormat.equals(Object).CFG_Path_4,Has_CFG_Path
org.apache.commons.csv.CSVFormat.equals(Object),org.apache.commons.csv.CSVFormat.equals(Object).CFG_Path_5,Has_CFG_Path
org.apache.commons.csv.CSVFormat.equals(Object),org.apache.commons.csv.CSVFormat.equals(Object).CFG_Path_6,Has_CFG_Path
org.apache.commons.csv.CSVFormat.equals(Object),org.apache.commons.csv.CSVFormat.equals(Object).CFG_Path_7,Has_CFG_Path
org.apache.commons.csv.CSVFormat.equals(Object),org.apache.commons.csv.CSVFormat.equals(Object).CFG_Path_8,Has_CFG_Path
org.apache.commons.csv.CSVFormat.equals(Object),org.apache.commons.csv.CSVFormat.equals(Object).CFG_Path_9,Has_CFG_Path
org.apache.commons.csv.CSVFormat.equals(Object),org.apache.commons.csv.CSVFormat.equals(Object).CFG_Path_10,Has_CFG_Path
org.apache.commons.csv.CSVFormat.equals(Object),org.apache.commons.csv.CSVFormat.equals(Object).CFG_Path_11,Has_CFG_Path
org.apache.commons.csv.CSVFormat.equals(Object),org.apache.commons.csv.CSVFormat.equals(Object).CFG_Path_12,Has_CFG_Path
org.apache.commons.csv.CSVFormat.equals(Object),org.apache.commons.csv.CSVFormat.equals(Object).CFG_Path_13,Has_CFG_Path
org.apache.commons.csv.CSVFormat.equals(Object),org.apache.commons.csv.CSVFormat.equals(Object).CFG_Path_14,Has_CFG_Path
org.apache.commons.csv.CSVFormat.equals(Object),org.apache.commons.csv.CSVFormat.equals(Object).CFG_Path_15,Has_CFG_Path
org.apache.commons.csv.CSVFormat.equals(Object),org.apache.commons.csv.CSVFormat.equals(Object).CFG_Path_16,Has_CFG_Path
org.apache.commons.csv.CSVFormat.equals(Object),org.apache.commons.csv.CSVFormat.equals(Object).CFG_Path_17,Has_CFG_Path
org.apache.commons.csv.CSVFormat.equals(Object),org.apache.commons.csv.CSVFormat.equals(Object).CFG_Path_18,Has_CFG_Path
org.apache.commons.csv.CSVFormat.equals(Object),org.apache.commons.csv.CSVFormat.equals(Object).CFG_Path_19,Has_CFG_Path
org.apache.commons.csv.CSVFormat.equals(Object),org.apache.commons.csv.CSVFormat.equals(Object).CFG_Path_20,Has_CFG_Path
org.apache.commons.csv.CSVFormat.equals(Object),org.apache.commons.csv.CSVFormat.equals(Object).CFG_Path_21,Has_CFG_Path
org.apache.commons.csv.CSVFormat.equals(Object),org.apache.commons.csv.CSVFormat.equals(Object).CFG_Path_22,Has_CFG_Path
org.apache.commons.csv.CSVFormat.equals(Object),org.apache.commons.csv.CSVFormat.equals(Object).CFG_Path_23,Has_CFG_Path
org.apache.commons.csv.CSVFormat.equals(Object),org.apache.commons.csv.CSVFormat.equals(Object).CFG_Path_24,Has_CFG_Path
org.apache.commons.csv.CSVFormat.equals(Object),org.apache.commons.csv.CSVFormat.equals(Object).CFG_Path_25,Has_CFG_Path
"org.apache.commons.csv.CSVFormat.escape(char,Appendable)","org.apache.commons.csv.CSVFormat.escape(char,Appendable).CFG_Path_1",Has_CFG_Path
org.apache.commons.csv.CSVFormat.format(Object[]),org.apache.commons.csv.CSVFormat.format(Object[]).CFG_Path_1,Has_CFG_Path
org.apache.commons.csv.CSVFormat.format_(Object[]),org.apache.commons.csv.CSVFormat.format_(Object[]).CFG_Path_1,Has_CFG_Path
org.apache.commons.csv.CSVFormat.format_(Object[]),org.apache.commons.csv.CSVFormat.format_(Object[]).CFG_Path_2,Has_CFG_Path
org.apache.commons.csv.CSVFormat.format_(Object[]),org.apache.commons.csv.CSVFormat.format_(Object[]).CFG_Path_3,Has_CFG_Path
org.apache.commons.csv.CSVFormat.format_(Object[]),org.apache.commons.csv.CSVFormat.format_(Object[]).CFG_Path_4,Has_CFG_Path
org.apache.commons.csv.CSVFormat.format_(Object[]),org.apache.commons.csv.CSVFormat.format_(Object[]).CFG_Path_5,Has_CFG_Path
org.apache.commons.csv.CSVFormat.format_(Object[]),org.apache.commons.csv.CSVFormat.format_(Object[]).CFG_Path_6,Has_CFG_Path
org.apache.commons.csv.CSVFormat.format_(Object[]),org.apache.commons.csv.CSVFormat.format_(Object[]).CFG_Path_7,Has_CFG_Path
org.apache.commons.csv.CSVFormat.format_(Object[]),org.apache.commons.csv.CSVFormat.format_(Object[]).CFG_Path_8,Has_CFG_Path
org.apache.commons.csv.CSVFormat.format_(Object[]),org.apache.commons.csv.CSVFormat.format_(Object[]).CFG_Path_9,Has_CFG_Path
org.apache.commons.csv.CSVFormat.format_(Object[]),org.apache.commons.csv.CSVFormat.format_(Object[]).CFG_Path_10,Has_CFG_Path
org.apache.commons.csv.CSVFormat.format_(Object[]),org.apache.commons.csv.CSVFormat.format_(Object[]).CFG_Path_11,Has_CFG_Path
org.apache.commons.csv.CSVFormat.format_(Object[]),org.apache.commons.csv.CSVFormat.format_(Object[]).CFG_Path_12,Has_CFG_Path
org.apache.commons.csv.CSVFormat.format_(Object[]),org.apache.commons.csv.CSVFormat.format_(Object[]).CFG_Path_13,Has_CFG_Path
org.apache.commons.csv.CSVFormat.format_(Object[]),org.apache.commons.csv.CSVFormat.format_(Object[]).CFG_Path_14,Has_CFG_Path
org.apache.commons.csv.CSVFormat.format_(Object[]),org.apache.commons.csv.CSVFormat.format_(Object[]).CFG_Path_15,Has_CFG_Path
org.apache.commons.csv.CSVFormat.format_(Object[]),org.apache.commons.csv.CSVFormat.format_(Object[]).CFG_Path_16,Has_CFG_Path
org.apache.commons.csv.CSVFormat.format_(Object[]),org.apache.commons.csv.CSVFormat.format_(Object[]).CFG_Path_17,Has_CFG_Path
org.apache.commons.csv.CSVFormat.format_(Object[]),org.apache.commons.csv.CSVFormat.format_(Object[]).CFG_Path_18,Has_CFG_Path
org.apache.commons.csv.CSVFormat.format_(Object[]),org.apache.commons.csv.CSVFormat.format_(Object[]).CFG_Path_19,Has_CFG_Path
org.apache.commons.csv.CSVFormat.format_(Object[]),org.apache.commons.csv.CSVFormat.format_(Object[]).CFG_Path_20,Has_CFG_Path
org.apache.commons.csv.CSVFormat.format_(Object[]),org.apache.commons.csv.CSVFormat.format_(Object[]).CFG_Path_21,Has_CFG_Path
org.apache.commons.csv.CSVFormat.format_(Object[]),org.apache.commons.csv.CSVFormat.format_(Object[]).CFG_Path_22,Has_CFG_Path
org.apache.commons.csv.CSVFormat.format_(Object[]),org.apache.commons.csv.CSVFormat.format_(Object[]).CFG_Path_23,Has_CFG_Path
org.apache.commons.csv.CSVFormat.format_(Object[]),org.apache.commons.csv.CSVFormat.format_(Object[]).CFG_Path_24,Has_CFG_Path
org.apache.commons.csv.CSVFormat.format_(Object[]),org.apache.commons.csv.CSVFormat.format_(Object[]).CFG_Path_25,Has_CFG_Path
org.apache.commons.csv.CSVFormat.format_(Object[]),org.apache.commons.csv.CSVFormat.format_(Object[]).CFG_Path_26,Has_CFG_Path
org.apache.commons.csv.CSVFormat.getAllowDuplicateHeaderNames(),org.apache.commons.csv.CSVFormat.getAllowDuplicateHeaderNames().CFG_Path_1,Has_CFG_Path
org.apache.commons.csv.CSVFormat.getAllowDuplicateHeaderNames(),org.apache.commons.csv.CSVFormat.getAllowDuplicateHeaderNames().CFG_Path_2,Has_CFG_Path
org.apache.commons.csv.CSVFormat.getAllowMissingColumnNames(),org.apache.commons.csv.CSVFormat.getAllowMissingColumnNames().CFG_Path_1,Has_CFG_Path
org.apache.commons.csv.CSVFormat.getAutoFlush(),org.apache.commons.csv.CSVFormat.getAutoFlush().CFG_Path_1,Has_CFG_Path
org.apache.commons.csv.CSVFormat.getCommentMarker(),org.apache.commons.csv.CSVFormat.getCommentMarker().CFG_Path_1,Has_CFG_Path
org.apache.commons.csv.CSVFormat.getDelimiter(),org.apache.commons.csv.CSVFormat.getDelimiter().CFG_Path_1,Has_CFG_Path
org.apache.commons.csv.CSVFormat.getDelimiterCharArray(),org.apache.commons.csv.CSVFormat.getDelimiterCharArray().CFG_Path_1,Has_CFG_Path
org.apache.commons.csv.CSVFormat.getDelimiterString(),org.apache.commons.csv.CSVFormat.getDelimiterString().CFG_Path_1,Has_CFG_Path
org.apache.commons.csv.CSVFormat.getDuplicateHeaderMode(),org.apache.commons.csv.CSVFormat.getDuplicateHeaderMode().CFG_Path_1,Has_CFG_Path
org.apache.commons.csv.CSVFormat.getEscapeChar(),org.apache.commons.csv.CSVFormat.getEscapeChar().CFG_Path_1,Has_CFG_Path
org.apache.commons.csv.CSVFormat.getEscapeChar(),org.apache.commons.csv.CSVFormat.getEscapeChar().CFG_Path_2,Has_CFG_Path
org.apache.commons.csv.CSVFormat.getEscapeCharacter(),org.apache.commons.csv.CSVFormat.getEscapeCharacter().CFG_Path_1,Has_CFG_Path
org.apache.commons.csv.CSVFormat.getHeader(),org.apache.commons.csv.CSVFormat.getHeader().CFG_Path_1,Has_CFG_Path
org.apache.commons.csv.CSVFormat.getHeader(),org.apache.commons.csv.CSVFormat.getHeader().CFG_Path_2,Has_CFG_Path
org.apache.commons.csv.CSVFormat.getHeaderComments(),org.apache.commons.csv.CSVFormat.getHeaderComments().CFG_Path_1,Has_CFG_Path
org.apache.commons.csv.CSVFormat.getHeaderComments(),org.apache.commons.csv.CSVFormat.getHeaderComments().CFG_Path_2,Has_CFG_Path
org.apache.commons.csv.CSVFormat.getIgnoreEmptyLines(),org.apache.commons.csv.CSVFormat.getIgnoreEmptyLines().CFG_Path_1,Has_CFG_Path
org.apache.commons.csv.CSVFormat.getIgnoreHeaderCase(),org.apache.commons.csv.CSVFormat.getIgnoreHeaderCase().CFG_Path_1,Has_CFG_Path
org.apache.commons.csv.CSVFormat.getIgnoreSurroundingSpaces(),org.apache.commons.csv.CSVFormat.getIgnoreSurroundingSpaces().CFG_Path_1,Has_CFG_Path
org.apache.commons.csv.CSVFormat.getLenientEof(),org.apache.commons.csv.CSVFormat.getLenientEof().CFG_Path_1,Has_CFG_Path
org.apache.commons.csv.CSVFormat.getMaxRows(),org.apache.commons.csv.CSVFormat.getMaxRows().CFG_Path_1,Has_CFG_Path
org.apache.commons.csv.CSVFormat.getNullString(),org.apache.commons.csv.CSVFormat.getNullString().CFG_Path_1,Has_CFG_Path
org.apache.commons.csv.CSVFormat.getQuoteCharacter(),org.apache.commons.csv.CSVFormat.getQuoteCharacter().CFG_Path_1,Has_CFG_Path
org.apache.commons.csv.CSVFormat.getQuoteMode(),org.apache.commons.csv.CSVFormat.getQuoteMode().CFG_Path_1,Has_CFG_Path
org.apache.commons.csv.CSVFormat.getRecordSeparator(),org.apache.commons.csv.CSVFormat.getRecordSeparator().CFG_Path_1,Has_CFG_Path
org.apache.commons.csv.CSVFormat.getSkipHeaderRecord(),org.apache.commons.csv.CSVFormat.getSkipHeaderRecord().CFG_Path_1,Has_CFG_Path
org.apache.commons.csv.CSVFormat.getTrailingData(),org.apache.commons.csv.CSVFormat.getTrailingData().CFG_Path_1,Has_CFG_Path
org.apache.commons.csv.CSVFormat.getTrailingDelimiter(),org.apache.commons.csv.CSVFormat.getTrailingDelimiter().CFG_Path_1,Has_CFG_Path
org.apache.commons.csv.CSVFormat.getTrim(),org.apache.commons.csv.CSVFormat.getTrim().CFG_Path_1,Has_CFG_Path
org.apache.commons.csv.CSVFormat.hashCode(),org.apache.commons.csv.CSVFormat.hashCode().CFG_Path_1,Has_CFG_Path
org.apache.commons.csv.CSVFormat.isCommentMarkerSet(),org.apache.commons.csv.CSVFormat.isCommentMarkerSet().CFG_Path_1,Has_CFG_Path
org.apache.commons.csv.CSVFormat.isCommentMarkerSet(),org.apache.commons.csv.CSVFormat.isCommentMarkerSet().CFG_Path_2,Has_CFG_Path
"org.apache.commons.csv.CSVFormat.isDelimiter(char,CharSequence,int,char[],int)","org.apache.commons.csv.CSVFormat.isDelimiter(char,CharSequence,int,char[],int).CFG_Path_1",Has_CFG_Path
"org.apache.commons.csv.CSVFormat.isDelimiter(char,CharSequence,int,char[],int)","org.apache.commons.csv.CSVFormat.isDelimiter(char,CharSequence,int,char[],int).CFG_Path_2",Has_CFG_Path
"org.apache.commons.csv.CSVFormat.isDelimiter(char,CharSequence,int,char[],int)","org.apache.commons.csv.CSVFormat.isDelimiter(char,CharSequence,int,char[],int).CFG_Path_3",Has_CFG_Path
"org.apache.commons.csv.CSVFormat.isDelimiter(char,CharSequence,int,char[],int)","org.apache.commons.csv.CSVFormat.isDelimiter(char,CharSequence,int,char[],int).CFG_Path_4",Has_CFG_Path
"org.apache.commons.csv.CSVFormat.isDelimiter(char,CharSequence,int,char[],int)","org.apache.commons.csv.CSVFormat.isDelimiter(char,CharSequence,int,char[],int).CFG_Path_5",Has_CFG_Path
"org.apache.commons.csv.CSVFormat.isDelimiter(char,CharSequence,int,char[],int)","org.apache.commons.csv.CSVFormat.isDelimiter(char,CharSequence,int,char[],int).CFG_Path_6",Has_CFG_Path
org.apache.commons.csv.CSVFormat.isEscapeCharacterSet(),org.apache.commons.csv.CSVFormat.isEscapeCharacterSet().CFG_Path_1,Has_CFG_Path
org.apache.commons.csv.CSVFormat.isEscapeCharacterSet(),org.apache.commons.csv.CSVFormat.isEscapeCharacterSet().CFG_Path_2,Has_CFG_Path
org.apache.commons.csv.CSVFormat.isNullStringSet(),org.apache.commons.csv.CSVFormat.isNullStringSet().CFG_Path_1,Has_CFG_Path
org.apache.commons.csv.CSVFormat.isNullStringSet(),org.apache.commons.csv.CSVFormat.isNullStringSet().CFG_Path_2,Has_CFG_Path
org.apache.commons.csv.CSVFormat.isQuoteCharacterSet(),org.apache.commons.csv.CSVFormat.isQuoteCharacterSet().CFG_Path_1,Has_CFG_Path
org.apache.commons.csv.CSVFormat.isQuoteCharacterSet(),org.apache.commons.csv.CSVFormat.isQuoteCharacterSet().CFG_Path_2,Has_CFG_Path
org.apache.commons.csv.CSVFormat.limit(IOStream),org.apache.commons.csv.CSVFormat.limit(IOStream).CFG_Path_1,Has_CFG_Path
org.apache.commons.csv.CSVFormat.limit(IOStream),org.apache.commons.csv.CSVFormat.limit(IOStream).CFG_Path_2,Has_CFG_Path
org.apache.commons.csv.CSVFormat.limit(Stream),org.apache.commons.csv.CSVFormat.limit(Stream).CFG_Path_1,Has_CFG_Path
org.apache.commons.csv.CSVFormat.limit(Stream),org.apache.commons.csv.CSVFormat.limit(Stream).CFG_Path_2,Has_CFG_Path
org.apache.commons.csv.CSVFormat.parse(Reader),org.apache.commons.csv.CSVFormat.parse(Reader).CFG_Path_1,Has_CFG_Path
org.apache.commons.csv.CSVFormat.print(Appendable),org.apache.commons.csv.CSVFormat.print(Appendable).CFG_Path_1,Has_CFG_Path
"org.apache.commons.csv.CSVFormat.print(File,Charset)","org.apache.commons.csv.CSVFormat.print(File,Charset).CFG_Path_1",Has_CFG_Path
"org.apache.commons.csv.CSVFormat.print(InputStream,Appendable,boolean)","org.apache.commons.csv.CSVFormat.print(InputStream,Appendable,boolean).CFG_Path_1",Has_CFG_Path
"org.apache.commons.csv.CSVFormat.print(InputStream,Appendable,boolean)","org.apache.commons.csv.CSVFormat.print(InputStream,Appendable,boolean).CFG_Path_2",Has_CFG_Path
"org.apache.commons.csv.CSVFormat.print(InputStream,Appendable,boolean)","org.apache.commons.csv.CSVFormat.print(InputStream,Appendable,boolean).CFG_Path_3",Has_CFG_Path
"org.apache.commons.csv.CSVFormat.print(InputStream,Appendable,boolean)","org.apache.commons.csv.CSVFormat.print(InputStream,Appendable,boolean).CFG_Path_4",Has_CFG_Path
"org.apache.commons.csv.CSVFormat.print(InputStream,Appendable,boolean)","org.apache.commons.csv.CSVFormat.print(InputStream,Appendable,boolean).CFG_Path_5",Has_CFG_Path
"org.apache.commons.csv.CSVFormat.print(InputStream,Appendable,boolean)","org.apache.commons.csv.CSVFormat.print(InputStream,Appendable,boolean).CFG_Path_6",Has_CFG_Path
"org.apache.commons.csv.CSVFormat.print(InputStream,Appendable,boolean)","org.apache.commons.csv.CSVFormat.print(InputStream,Appendable,boolean).CFG_Path_7",Has_CFG_Path
"org.apache.commons.csv.CSVFormat.print(InputStream,Appendable,boolean)","org.apache.commons.csv.CSVFormat.print(InputStream,Appendable,boolean).CFG_Path_8",Has_CFG_Path
"org.apache.commons.csv.CSVFormat.print(InputStream,Appendable,boolean)","org.apache.commons.csv.CSVFormat.print(InputStream,Appendable,boolean).CFG_Path_9",Has_CFG_Path
"org.apache.commons.csv.CSVFormat.print(InputStream,Appendable,boolean)","org.apache.commons.csv.CSVFormat.print(InputStream,Appendable,boolean).CFG_Path_10",Has_CFG_Path
"org.apache.commons.csv.CSVFormat.print(InputStream,Appendable,boolean)","org.apache.commons.csv.CSVFormat.print(InputStream,Appendable,boolean).CFG_Path_11",Has_CFG_Path
"org.apache.commons.csv.CSVFormat.print(InputStream,Appendable,boolean)","org.apache.commons.csv.CSVFormat.print(InputStream,Appendable,boolean).CFG_Path_12",Has_CFG_Path
"org.apache.commons.csv.CSVFormat.print(InputStream,Appendable,boolean)","org.apache.commons.csv.CSVFormat.print(InputStream,Appendable,boolean).CFG_Path_13",Has_CFG_Path
"org.apache.commons.csv.CSVFormat.print(InputStream,Appendable,boolean)","org.apache.commons.csv.CSVFormat.print(InputStream,Appendable,boolean).CFG_Path_14",Has_CFG_Path
"org.apache.commons.csv.CSVFormat.print(InputStream,Appendable,boolean)","org.apache.commons.csv.CSVFormat.print(InputStream,Appendable,boolean).CFG_Path_15",Has_CFG_Path
"org.apache.commons.csv.CSVFormat.print(InputStream,Appendable,boolean)","org.apache.commons.csv.CSVFormat.print(InputStream,Appendable,boolean).CFG_Path_16",Has_CFG_Path
"org.apache.commons.csv.CSVFormat.print(Object,Appendable,boolean)","org.apache.commons.csv.CSVFormat.print(Object,Appendable,boolean).CFG_Path_1",Has_CFG_Path
"org.apache.commons.csv.CSVFormat.print(Object,Appendable,boolean)","org.apache.commons.csv.CSVFormat.print(Object,Appendable,boolean).CFG_Path_2",Has_CFG_Path
"org.apache.commons.csv.CSVFormat.print(Object,Appendable,boolean)","org.apache.commons.csv.CSVFormat.print(Object,Appendable,boolean).CFG_Path_3",Has_CFG_Path
"org.apache.commons.csv.CSVFormat.print(Object,Appendable,boolean)","org.apache.commons.csv.CSVFormat.print(Object,Appendable,boolean).CFG_Path_4",Has_CFG_Path
"org.apache.commons.csv.CSVFormat.print(Object,Appendable,boolean)","org.apache.commons.csv.CSVFormat.print(Object,Appendable,boolean).CFG_Path_5",Has_CFG_Path
"org.apache.commons.csv.CSVFormat.print(Object,Appendable,boolean)","org.apache.commons.csv.CSVFormat.print(Object,Appendable,boolean).CFG_Path_6",Has_CFG_Path
"org.apache.commons.csv.CSVFormat.print(Object,Appendable,boolean)","org.apache.commons.csv.CSVFormat.print(Object,Appendable,boolean).CFG_Path_7",Has_CFG_Path
"org.apache.commons.csv.CSVFormat.print(Object,Appendable,boolean)","org.apache.commons.csv.CSVFormat.print(Object,Appendable,boolean).CFG_Path_8",Has_CFG_Path
"org.apache.commons.csv.CSVFormat.print(Object,Appendable,boolean)","org.apache.commons.csv.CSVFormat.print(Object,Appendable,boolean).CFG_Path_9",Has_CFG_Path
"org.apache.commons.csv.CSVFormat.print(Object,Appendable,boolean)","org.apache.commons.csv.CSVFormat.print(Object,Appendable,boolean).CFG_Path_10",Has_CFG_Path
"org.apache.commons.csv.CSVFormat.print(Object,Appendable,boolean)","org.apache.commons.csv.CSVFormat.print(Object,Appendable,boolean).CFG_Path_11",Has_CFG_Path
"org.apache.commons.csv.CSVFormat.print(Object,Appendable,boolean)","org.apache.commons.csv.CSVFormat.print(Object,Appendable,boolean).CFG_Path_12",Has_CFG_Path
"org.apache.commons.csv.CSVFormat.print(Object,CharSequence,Appendable,boolean)","org.apache.commons.csv.CSVFormat.print(Object,CharSequence,Appendable,boolean).CFG_Path_1",Has_CFG_Path
"org.apache.commons.csv.CSVFormat.print(Object,CharSequence,Appendable,boolean)","org.apache.commons.csv.CSVFormat.print(Object,CharSequence,Appendable,boolean).CFG_Path_2",Has_CFG_Path
"org.apache.commons.csv.CSVFormat.print(Object,CharSequence,Appendable,boolean)","org.apache.commons.csv.CSVFormat.print(Object,CharSequence,Appendable,boolean).CFG_Path_3",Has_CFG_Path
"org.apache.commons.csv.CSVFormat.print(Object,CharSequence,Appendable,boolean)","org.apache.commons.csv.CSVFormat.print(Object,CharSequence,Appendable,boolean).CFG_Path_4",Has_CFG_Path
"org.apache.commons.csv.CSVFormat.print(Object,CharSequence,Appendable,boolean)","org.apache.commons.csv.CSVFormat.print(Object,CharSequence,Appendable,boolean).CFG_Path_5",Has_CFG_Path
"org.apache.commons.csv.CSVFormat.print(Object,CharSequence,Appendable,boolean)","org.apache.commons.csv.CSVFormat.print(Object,CharSequence,Appendable,boolean).CFG_Path_6",Has_CFG_Path
"org.apache.commons.csv.CSVFormat.print(Object,CharSequence,Appendable,boolean)","org.apache.commons.csv.CSVFormat.print(Object,CharSequence,Appendable,boolean).CFG_Path_7",Has_CFG_Path
"org.apache.commons.csv.CSVFormat.print(Object,CharSequence,Appendable,boolean)","org.apache.commons.csv.CSVFormat.print(Object,CharSequence,Appendable,boolean).CFG_Path_8",Has_CFG_Path
"org.apache.commons.csv.CSVFormat.print(Path,Charset)","org.apache.commons.csv.CSVFormat.print(Path,Charset).CFG_Path_1",Has_CFG_Path
"org.apache.commons.csv.CSVFormat.print(Reader,Appendable,boolean)","org.apache.commons.csv.CSVFormat.print(Reader,Appendable,boolean).CFG_Path_1",Has_CFG_Path
"org.apache.commons.csv.CSVFormat.print(Reader,Appendable,boolean)","org.apache.commons.csv.CSVFormat.print(Reader,Appendable,boolean).CFG_Path_2",Has_CFG_Path
"org.apache.commons.csv.CSVFormat.print(Reader,Appendable,boolean)","org.apache.commons.csv.CSVFormat.print(Reader,Appendable,boolean).CFG_Path_3",Has_CFG_Path
"org.apache.commons.csv.CSVFormat.print(Reader,Appendable,boolean)","org.apache.commons.csv.CSVFormat.print(Reader,Appendable,boolean).CFG_Path_4",Has_CFG_Path
"org.apache.commons.csv.CSVFormat.print(Reader,Appendable,boolean)","org.apache.commons.csv.CSVFormat.print(Reader,Appendable,boolean).CFG_Path_5",Has_CFG_Path
"org.apache.commons.csv.CSVFormat.print(Reader,Appendable,boolean)","org.apache.commons.csv.CSVFormat.print(Reader,Appendable,boolean).CFG_Path_6",Has_CFG_Path
"org.apache.commons.csv.CSVFormat.print(Reader,Appendable,boolean)","org.apache.commons.csv.CSVFormat.print(Reader,Appendable,boolean).CFG_Path_7",Has_CFG_Path
"org.apache.commons.csv.CSVFormat.print(Reader,Appendable,boolean)","org.apache.commons.csv.CSVFormat.print(Reader,Appendable,boolean).CFG_Path_8",Has_CFG_Path
org.apache.commons.csv.CSVFormat.printer(),org.apache.commons.csv.CSVFormat.printer().CFG_Path_1,Has_CFG_Path
org.apache.commons.csv.CSVFormat.println(Appendable),org.apache.commons.csv.CSVFormat.println(Appendable).CFG_Path_1,Has_CFG_Path
org.apache.commons.csv.CSVFormat.println(Appendable),org.apache.commons.csv.CSVFormat.println(Appendable).CFG_Path_2,Has_CFG_Path
org.apache.commons.csv.CSVFormat.println(Appendable),org.apache.commons.csv.CSVFormat.println(Appendable).CFG_Path_3,Has_CFG_Path
org.apache.commons.csv.CSVFormat.println(Appendable),org.apache.commons.csv.CSVFormat.println(Appendable).CFG_Path_4,Has_CFG_Path
"org.apache.commons.csv.CSVFormat.printRecord(Appendable,Object[])","org.apache.commons.csv.CSVFormat.printRecord(Appendable,Object[]).CFG_Path_1",Has_CFG_Path
"org.apache.commons.csv.CSVFormat.printRecord(Appendable,Object[])","org.apache.commons.csv.CSVFormat.printRecord(Appendable,Object[]).CFG_Path_2",Has_CFG_Path
"org.apache.commons.csv.CSVFormat.printRecord(Appendable,Object[])","org.apache.commons.csv.CSVFormat.printRecord(Appendable,Object[]).CFG_Path_3",Has_CFG_Path
org.apache.commons.csv.CSVFormat.trim(String),org.apache.commons.csv.CSVFormat.trim(String).CFG_Path_1,Has_CFG_Path
org.apache.commons.csv.CSVFormat.trim(String),org.apache.commons.csv.CSVFormat.trim(String).CFG_Path_2,Has_CFG_Path
org.apache.commons.csv.CSVFormat.useMaxRows(),org.apache.commons.csv.CSVFormat.useMaxRows().CFG_Path_1,Has_CFG_Path
org.apache.commons.csv.CSVFormat.useMaxRows(),org.apache.commons.csv.CSVFormat.useMaxRows().CFG_Path_2,Has_CFG_Path
org.apache.commons.csv.CSVFormat.useRow(long),org.apache.commons.csv.CSVFormat.useRow(long).CFG_Path_1,Has_CFG_Path
org.apache.commons.csv.CSVFormat.useRow(long),org.apache.commons.csv.CSVFormat.useRow(long).CFG_Path_2,Has_CFG_Path
org.apache.commons.csv.CSVFormat.useRow(long),org.apache.commons.csv.CSVFormat.useRow(long).CFG_Path_3,Has_CFG_Path
org.apache.commons.csv.CSVFormat.withAllowDuplicateHeaderNames(),org.apache.commons.csv.CSVFormat.withAllowDuplicateHeaderNames().CFG_Path_1,Has_CFG_Path
org.apache.commons.csv.CSVFormat.withAllowDuplicateHeaderNames(boolean),org.apache.commons.csv.CSVFormat.withAllowDuplicateHeaderNames(boolean).CFG_Path_1,Has_CFG_Path
org.apache.commons.csv.CSVFormat.withAllowDuplicateHeaderNames(boolean),org.apache.commons.csv.CSVFormat.withAllowDuplicateHeaderNames(boolean).CFG_Path_2,Has_CFG_Path
org.apache.commons.csv.CSVFormat.withAllowMissingColumnNames(),org.apache.commons.csv.CSVFormat.withAllowMissingColumnNames().CFG_Path_1,Has_CFG_Path
org.apache.commons.csv.CSVFormat.withAllowMissingColumnNames(boolean),org.apache.commons.csv.CSVFormat.withAllowMissingColumnNames(boolean).CFG_Path_1,Has_CFG_Path
org.apache.commons.csv.CSVFormat.withAutoFlush(boolean),org.apache.commons.csv.CSVFormat.withAutoFlush(boolean).CFG_Path_1,Has_CFG_Path
org.apache.commons.csv.CSVFormat.withCommentMarker(char),org.apache.commons.csv.CSVFormat.withCommentMarker(char).CFG_Path_1,Has_CFG_Path
org.apache.commons.csv.CSVFormat.withCommentMarker(Character),org.apache.commons.csv.CSVFormat.withCommentMarker(Character).CFG_Path_1,Has_CFG_Path
org.apache.commons.csv.CSVFormat.withDelimiter(char),org.apache.commons.csv.CSVFormat.withDelimiter(char).CFG_Path_1,Has_CFG_Path
org.apache.commons.csv.CSVFormat.withEscape(char),org.apache.commons.csv.CSVFormat.withEscape(char).CFG_Path_1,Has_CFG_Path
org.apache.commons.csv.CSVFormat.withEscape(Character),org.apache.commons.csv.CSVFormat.withEscape(Character).CFG_Path_1,Has_CFG_Path
org.apache.commons.csv.CSVFormat.withFirstRecordAsHeader(),org.apache.commons.csv.CSVFormat.withFirstRecordAsHeader().CFG_Path_1,Has_CFG_Path
org.apache.commons.csv.CSVFormat.withHeader(Class),org.apache.commons.csv.CSVFormat.withHeader(Class).CFG_Path_1,Has_CFG_Path
org.apache.commons.csv.CSVFormat.withHeader(ResultSet),org.apache.commons.csv.CSVFormat.withHeader(ResultSet).CFG_Path_1,Has_CFG_Path
org.apache.commons.csv.CSVFormat.withHeader(ResultSetMetaData),org.apache.commons.csv.CSVFormat.withHeader(ResultSetMetaData).CFG_Path_1,Has_CFG_Path
org.apache.commons.csv.CSVFormat.withHeader(String[]),org.apache.commons.csv.CSVFormat.withHeader(String[]).CFG_Path_1,Has_CFG_Path
org.apache.commons.csv.CSVFormat.withHeaderComments(Object[]),org.apache.commons.csv.CSVFormat.withHeaderComments(Object[]).CFG_Path_1,Has_CFG_Path
org.apache.commons.csv.CSVFormat.withIgnoreEmptyLines(),org.apache.commons.csv.CSVFormat.withIgnoreEmptyLines().CFG_Path_1,Has_CFG_Path
org.apache.commons.csv.CSVFormat.withIgnoreEmptyLines(boolean),org.apache.commons.csv.CSVFormat.withIgnoreEmptyLines(boolean).CFG_Path_1,Has_CFG_Path
org.apache.commons.csv.CSVFormat.withIgnoreHeaderCase(),org.apache.commons.csv.CSVFormat.withIgnoreHeaderCase().CFG_Path_1,Has_CFG_Path
org.apache.commons.csv.CSVFormat.withIgnoreHeaderCase(boolean),org.apache.commons.csv.CSVFormat.withIgnoreHeaderCase(boolean).CFG_Path_1,Has_CFG_Path
org.apache.commons.csv.CSVFormat.withIgnoreSurroundingSpaces(),org.apache.commons.csv.CSVFormat.withIgnoreSurroundingSpaces().CFG_Path_1,Has_CFG_Path
org.apache.commons.csv.CSVFormat.withIgnoreSurroundingSpaces(boolean),org.apache.commons.csv.CSVFormat.withIgnoreSurroundingSpaces(boolean).CFG_Path_1,Has_CFG_Path
org.apache.commons.csv.CSVFormat.withNullString(String),org.apache.commons.csv.CSVFormat.withNullString(String).CFG_Path_1,Has_CFG_Path
org.apache.commons.csv.CSVFormat.withQuote(char),org.apache.commons.csv.CSVFormat.withQuote(char).CFG_Path_1,Has_CFG_Path
org.apache.commons.csv.CSVFormat.withQuote(Character),org.apache.commons.csv.CSVFormat.withQuote(Character).CFG_Path_1,Has_CFG_Path
org.apache.commons.csv.CSVFormat.withQuoteMode(QuoteMode),org.apache.commons.csv.CSVFormat.withQuoteMode(QuoteMode).CFG_Path_1,Has_CFG_Path
org.apache.commons.csv.CSVFormat.withRecordSeparator(char),org.apache.commons.csv.CSVFormat.withRecordSeparator(char).CFG_Path_1,Has_CFG_Path
org.apache.commons.csv.CSVFormat.withRecordSeparator(String),org.apache.commons.csv.CSVFormat.withRecordSeparator(String).CFG_Path_1,Has_CFG_Path
org.apache.commons.csv.CSVFormat.withSkipHeaderRecord(),org.apache.commons.csv.CSVFormat.withSkipHeaderRecord().CFG_Path_1,Has_CFG_Path
org.apache.commons.csv.CSVFormat.withSkipHeaderRecord(boolean),org.apache.commons.csv.CSVFormat.withSkipHeaderRecord(boolean).CFG_Path_1,Has_CFG_Path
org.apache.commons.csv.CSVFormat.withSystemRecordSeparator(),org.apache.commons.csv.CSVFormat.withSystemRecordSeparator().CFG_Path_1,Has_CFG_Path
org.apache.commons.csv.CSVFormat.withTrailingDelimiter(),org.apache.commons.csv.CSVFormat.withTrailingDelimiter().CFG_Path_1,Has_CFG_Path
org.apache.commons.csv.CSVFormat.withTrailingDelimiter(boolean),org.apache.commons.csv.CSVFormat.withTrailingDelimiter(boolean).CFG_Path_1,Has_CFG_Path
org.apache.commons.csv.CSVFormat.withTrim(),org.apache.commons.csv.CSVFormat.withTrim().CFG_Path_1,Has_CFG_Path
org.apache.commons.csv.CSVFormat.withTrim(boolean),org.apache.commons.csv.CSVFormat.withTrim(boolean).CFG_Path_1,Has_CFG_Path
org.apache.commons.csv.CSVFormat.<init>(Builder),org.apache.commons.csv.CSVFormat.<init>(Builder).CFG_Path_1,Has_CFG_Path
org.apache.commons.csv.CSVFormat$Builder.create(),org.apache.commons.csv.CSVFormat$Builder.create().CFG_Path_1,Has_CFG_Path
org.apache.commons.csv.CSVFormat$Builder.create(CSVFormat),org.apache.commons.csv.CSVFormat$Builder.create(CSVFormat).CFG_Path_1,Has_CFG_Path
org.apache.commons.csv.CSVFormat$Builder.build(),org.apache.commons.csv.CSVFormat$Builder.build().CFG_Path_1,Has_CFG_Path
org.apache.commons.csv.CSVFormat$Builder.get(),org.apache.commons.csv.CSVFormat$Builder.get().CFG_Path_1,Has_CFG_Path
org.apache.commons.csv.CSVFormat$Builder.setAllowDuplicateHeaderNames(boolean),org.apache.commons.csv.CSVFormat$Builder.setAllowDuplicateHeaderNames(boolean).CFG_Path_1,Has_CFG_Path
org.apache.commons.csv.CSVFormat$Builder.setAllowDuplicateHeaderNames(boolean),org.apache.commons.csv.CSVFormat$Builder.setAllowDuplicateHeaderNames(boolean).CFG_Path_2,Has_CFG_Path
org.apache.commons.csv.CSVFormat$Builder.setAllowMissingColumnNames(boolean),org.apache.commons.csv.CSVFormat$Builder.setAllowMissingColumnNames(boolean).CFG_Path_1,Has_CFG_Path
org.apache.commons.csv.CSVFormat$Builder.setAutoFlush(boolean),org.apache.commons.csv.CSVFormat$Builder.setAutoFlush(boolean).CFG_Path_1,Has_CFG_Path
org.apache.commons.csv.CSVFormat$Builder.setCommentMarker(char),org.apache.commons.csv.CSVFormat$Builder.setCommentMarker(char).CFG_Path_1,Has_CFG_Path
org.apache.commons.csv.CSVFormat$Builder.setCommentMarker(Character),org.apache.commons.csv.CSVFormat$Builder.setCommentMarker(Character).CFG_Path_1,Has_CFG_Path
org.apache.commons.csv.CSVFormat$Builder.setCommentMarker(Character),org.apache.commons.csv.CSVFormat$Builder.setCommentMarker(Character).CFG_Path_2,Has_CFG_Path
org.apache.commons.csv.CSVFormat$Builder.setDelimiter(char),org.apache.commons.csv.CSVFormat$Builder.setDelimiter(char).CFG_Path_1,Has_CFG_Path
org.apache.commons.csv.CSVFormat$Builder.setDelimiter(String),org.apache.commons.csv.CSVFormat$Builder.setDelimiter(String).CFG_Path_1,Has_CFG_Path
org.apache.commons.csv.CSVFormat$Builder.setDelimiter(String),org.apache.commons.csv.CSVFormat$Builder.setDelimiter(String).CFG_Path_2,Has_CFG_Path
org.apache.commons.csv.CSVFormat$Builder.setDelimiter(String),org.apache.commons.csv.CSVFormat$Builder.setDelimiter(String).CFG_Path_3,Has_CFG_Path
org.apache.commons.csv.CSVFormat$Builder.setDuplicateHeaderMode(DuplicateHeaderMode),org.apache.commons.csv.CSVFormat$Builder.setDuplicateHeaderMode(DuplicateHeaderMode).CFG_Path_1,Has_CFG_Path
org.apache.commons.csv.CSVFormat$Builder.setEscape(char),org.apache.commons.csv.CSVFormat$Builder.setEscape(char).CFG_Path_1,Has_CFG_Path
org.apache.commons.csv.CSVFormat$Builder.setEscape(Character),org.apache.commons.csv.CSVFormat$Builder.setEscape(Character).CFG_Path_1,Has_CFG_Path
org.apache.commons.csv.CSVFormat$Builder.setEscape(Character),org.apache.commons.csv.CSVFormat$Builder.setEscape(Character).CFG_Path_2,Has_CFG_Path
org.apache.commons.csv.CSVFormat$Builder.setHeader(Class),org.apache.commons.csv.CSVFormat$Builder.setHeader(Class).CFG_Path_1,Has_CFG_Path
org.apache.commons.csv.CSVFormat$Builder.setHeader(Class),org.apache.commons.csv.CSVFormat$Builder.setHeader(Class).CFG_Path_2,Has_CFG_Path
org.apache.commons.csv.CSVFormat$Builder.setHeader(ResultSet),org.apache.commons.csv.CSVFormat$Builder.setHeader(ResultSet).CFG_Path_1,Has_CFG_Path
org.apache.commons.csv.CSVFormat$Builder.setHeader(ResultSet),org.apache.commons.csv.CSVFormat$Builder.setHeader(ResultSet).CFG_Path_2,Has_CFG_Path
org.apache.commons.csv.CSVFormat$Builder.setHeader(ResultSetMetaData),org.apache.commons.csv.CSVFormat$Builder.setHeader(ResultSetMetaData).CFG_Path_1,Has_CFG_Path
org.apache.commons.csv.CSVFormat$Builder.setHeader(ResultSetMetaData),org.apache.commons.csv.CSVFormat$Builder.setHeader(ResultSetMetaData).CFG_Path_2,Has_CFG_Path
org.apache.commons.csv.CSVFormat$Builder.setHeader(ResultSetMetaData),org.apache.commons.csv.CSVFormat$Builder.setHeader(ResultSetMetaData).CFG_Path_3,Has_CFG_Path
org.apache.commons.csv.CSVFormat$Builder.setHeader(String[]),org.apache.commons.csv.CSVFormat$Builder.setHeader(String[]).CFG_Path_1,Has_CFG_Path
org.apache.commons.csv.CSVFormat$Builder.setHeaderComments(Object[]),org.apache.commons.csv.CSVFormat$Builder.setHeaderComments(Object[]).CFG_Path_1,Has_CFG_Path
org.apache.commons.csv.CSVFormat$Builder.setHeaderComments(String[]),org.apache.commons.csv.CSVFormat$Builder.setHeaderComments(String[]).CFG_Path_1,Has_CFG_Path
org.apache.commons.csv.CSVFormat$Builder.setIgnoreEmptyLines(boolean),org.apache.commons.csv.CSVFormat$Builder.setIgnoreEmptyLines(boolean).CFG_Path_1,Has_CFG_Path
org.apache.commons.csv.CSVFormat$Builder.setIgnoreHeaderCase(boolean),org.apache.commons.csv.CSVFormat$Builder.setIgnoreHeaderCase(boolean).CFG_Path_1,Has_CFG_Path
org.apache.commons.csv.CSVFormat$Builder.setIgnoreSurroundingSpaces(boolean),org.apache.commons.csv.CSVFormat$Builder.setIgnoreSurroundingSpaces(boolean).CFG_Path_1,Has_CFG_Path
org.apache.commons.csv.CSVFormat$Builder.setLenientEof(boolean),org.apache.commons.csv.CSVFormat$Builder.setLenientEof(boolean).CFG_Path_1,Has_CFG_Path
org.apache.commons.csv.CSVFormat$Builder.setMaxRows(long),org.apache.commons.csv.CSVFormat$Builder.setMaxRows(long).CFG_Path_1,Has_CFG_Path
org.apache.commons.csv.CSVFormat$Builder.setNullString(String),org.apache.commons.csv.CSVFormat$Builder.setNullString(String).CFG_Path_1,Has_CFG_Path
org.apache.commons.csv.CSVFormat$Builder.setQuote(char),org.apache.commons.csv.CSVFormat$Builder.setQuote(char).CFG_Path_1,Has_CFG_Path
org.apache.commons.csv.CSVFormat$Builder.setQuote(Character),org.apache.commons.csv.CSVFormat$Builder.setQuote(Character).CFG_Path_1,Has_CFG_Path
org.apache.commons.csv.CSVFormat$Builder.setQuote(Character),org.apache.commons.csv.CSVFormat$Builder.setQuote(Character).CFG_Path_2,Has_CFG_Path
org.apache.commons.csv.CSVFormat$Builder.setQuoteMode(QuoteMode),org.apache.commons.csv.CSVFormat$Builder.setQuoteMode(QuoteMode).CFG_Path_1,Has_CFG_Path
org.apache.commons.csv.CSVFormat$Builder.setRecordSeparator(char),org.apache.commons.csv.CSVFormat$Builder.setRecordSeparator(char).CFG_Path_1,Has_CFG_Path
org.apache.commons.csv.CSVFormat$Builder.setRecordSeparator(String),org.apache.commons.csv.CSVFormat$Builder.setRecordSeparator(String).CFG_Path_1,Has_CFG_Path
org.apache.commons.csv.CSVFormat$Builder.setSkipHeaderRecord(boolean),org.apache.commons.csv.CSVFormat$Builder.setSkipHeaderRecord(boolean).CFG_Path_1,Has_CFG_Path
org.apache.commons.csv.CSVFormat$Builder.setTrailingData(boolean),org.apache.commons.csv.CSVFormat$Builder.setTrailingData(boolean).CFG_Path_1,Has_CFG_Path
org.apache.commons.csv.CSVFormat$Builder.setTrailingDelimiter(boolean),org.apache.commons.csv.CSVFormat$Builder.setTrailingDelimiter(boolean).CFG_Path_1,Has_CFG_Path
org.apache.commons.csv.CSVFormat$Builder.setTrim(boolean),org.apache.commons.csv.CSVFormat$Builder.setTrim(boolean).CFG_Path_1,Has_CFG_Path
org.apache.commons.csv.CSVFormat$Builder.<init>(),org.apache.commons.csv.CSVFormat$Builder.<init>().CFG_Path_1,Has_CFG_Path
org.apache.commons.csv.CSVFormat$Builder.<init>(CSVFormat),org.apache.commons.csv.CSVFormat$Builder.<init>(CSVFormat).CFG_Path_1,Has_CFG_Path
org.apache.commons.csv.CSVFormat$Predefined.getFormat(),org.apache.commons.csv.CSVFormat$Predefined.getFormat().CFG_Path_1,Has_CFG_Path
org.apache.commons.csv.ExtendedBufferedReader.close(),org.apache.commons.csv.ExtendedBufferedReader.close().CFG_Path_1,Has_CFG_Path
org.apache.commons.csv.ExtendedBufferedReader.getBytesRead(),org.apache.commons.csv.ExtendedBufferedReader.getBytesRead().CFG_Path_1,Has_CFG_Path
org.apache.commons.csv.ExtendedBufferedReader.getEncodedCharLength(int),org.apache.commons.csv.ExtendedBufferedReader.getEncodedCharLength(int).CFG_Path_1,Has_CFG_Path
org.apache.commons.csv.ExtendedBufferedReader.getEncodedCharLength(int),org.apache.commons.csv.ExtendedBufferedReader.getEncodedCharLength(int).CFG_Path_2,Has_CFG_Path
org.apache.commons.csv.ExtendedBufferedReader.getEncodedCharLength(int),org.apache.commons.csv.ExtendedBufferedReader.getEncodedCharLength(int).CFG_Path_3,Has_CFG_Path
org.apache.commons.csv.ExtendedBufferedReader.getEncodedCharLength(int),org.apache.commons.csv.ExtendedBufferedReader.getEncodedCharLength(int).CFG_Path_4,Has_CFG_Path
org.apache.commons.csv.ExtendedBufferedReader.getLastChar(),org.apache.commons.csv.ExtendedBufferedReader.getLastChar().CFG_Path_1,Has_CFG_Path
org.apache.commons.csv.ExtendedBufferedReader.getLineNumber(),org.apache.commons.csv.ExtendedBufferedReader.getLineNumber().CFG_Path_1,Has_CFG_Path
org.apache.commons.csv.ExtendedBufferedReader.getLineNumber(),org.apache.commons.csv.ExtendedBufferedReader.getLineNumber().CFG_Path_2,Has_CFG_Path
org.apache.commons.csv.ExtendedBufferedReader.getLineNumber(),org.apache.commons.csv.ExtendedBufferedReader.getLineNumber().CFG_Path_3,Has_CFG_Path
org.apache.commons.csv.ExtendedBufferedReader.getLineNumber(),org.apache.commons.csv.ExtendedBufferedReader.getLineNumber().CFG_Path_4,Has_CFG_Path
org.apache.commons.csv.ExtendedBufferedReader.getLineNumber(),org.apache.commons.csv.ExtendedBufferedReader.getLineNumber().CFG_Path_5,Has_CFG_Path
org.apache.commons.csv.ExtendedBufferedReader.getPosition(),org.apache.commons.csv.ExtendedBufferedReader.getPosition().CFG_Path_1,Has_CFG_Path
org.apache.commons.csv.ExtendedBufferedReader.mark(int),org.apache.commons.csv.ExtendedBufferedReader.mark(int).CFG_Path_1,Has_CFG_Path
org.apache.commons.csv.ExtendedBufferedReader.read(),org.apache.commons.csv.ExtendedBufferedReader.read().CFG_Path_1,Has_CFG_Path
org.apache.commons.csv.ExtendedBufferedReader.read(),org.apache.commons.csv.ExtendedBufferedReader.read().CFG_Path_2,Has_CFG_Path
org.apache.commons.csv.ExtendedBufferedReader.read(),org.apache.commons.csv.ExtendedBufferedReader.read().CFG_Path_3,Has_CFG_Path
org.apache.commons.csv.ExtendedBufferedReader.read(),org.apache.commons.csv.ExtendedBufferedReader.read().CFG_Path_4,Has_CFG_Path
org.apache.commons.csv.ExtendedBufferedReader.read(),org.apache.commons.csv.ExtendedBufferedReader.read().CFG_Path_5,Has_CFG_Path
org.apache.commons.csv.ExtendedBufferedReader.read(),org.apache.commons.csv.ExtendedBufferedReader.read().CFG_Path_6,Has_CFG_Path
org.apache.commons.csv.ExtendedBufferedReader.read(),org.apache.commons.csv.ExtendedBufferedReader.read().CFG_Path_7,Has_CFG_Path
org.apache.commons.csv.ExtendedBufferedReader.read(),org.apache.commons.csv.ExtendedBufferedReader.read().CFG_Path_8,Has_CFG_Path
org.apache.commons.csv.ExtendedBufferedReader.read(),org.apache.commons.csv.ExtendedBufferedReader.read().CFG_Path_9,Has_CFG_Path
org.apache.commons.csv.ExtendedBufferedReader.read(),org.apache.commons.csv.ExtendedBufferedReader.read().CFG_Path_10,Has_CFG_Path
org.apache.commons.csv.ExtendedBufferedReader.read(),org.apache.commons.csv.ExtendedBufferedReader.read().CFG_Path_11,Has_CFG_Path
org.apache.commons.csv.ExtendedBufferedReader.read(),org.apache.commons.csv.ExtendedBufferedReader.read().CFG_Path_12,Has_CFG_Path
org.apache.commons.csv.ExtendedBufferedReader.read(),org.apache.commons.csv.ExtendedBufferedReader.read().CFG_Path_13,Has_CFG_Path
org.apache.commons.csv.ExtendedBufferedReader.read(),org.apache.commons.csv.ExtendedBufferedReader.read().CFG_Path_14,Has_CFG_Path
org.apache.commons.csv.ExtendedBufferedReader.read(),org.apache.commons.csv.ExtendedBufferedReader.read().CFG_Path_15,Has_CFG_Path
org.apache.commons.csv.ExtendedBufferedReader.read(),org.apache.commons.csv.ExtendedBufferedReader.read().CFG_Path_16,Has_CFG_Path
org.apache.commons.csv.ExtendedBufferedReader.read(),org.apache.commons.csv.ExtendedBufferedReader.read().CFG_Path_17,Has_CFG_Path
org.apache.commons.csv.ExtendedBufferedReader.read(),org.apache.commons.csv.ExtendedBufferedReader.read().CFG_Path_18,Has_CFG_Path
org.apache.commons.csv.ExtendedBufferedReader.read(),org.apache.commons.csv.ExtendedBufferedReader.read().CFG_Path_19,Has_CFG_Path
org.apache.commons.csv.ExtendedBufferedReader.read(),org.apache.commons.csv.ExtendedBufferedReader.read().CFG_Path_20,Has_CFG_Path
org.apache.commons.csv.ExtendedBufferedReader.read(),org.apache.commons.csv.ExtendedBufferedReader.read().CFG_Path_21,Has_CFG_Path
org.apache.commons.csv.ExtendedBufferedReader.read(),org.apache.commons.csv.ExtendedBufferedReader.read().CFG_Path_22,Has_CFG_Path
org.apache.commons.csv.ExtendedBufferedReader.read(),org.apache.commons.csv.ExtendedBufferedReader.read().CFG_Path_23,Has_CFG_Path
org.apache.commons.csv.ExtendedBufferedReader.read(),org.apache.commons.csv.ExtendedBufferedReader.read().CFG_Path_24,Has_CFG_Path
"org.apache.commons.csv.ExtendedBufferedReader.read(char[],int,int)","org.apache.commons.csv.ExtendedBufferedReader.read(char[],int,int).CFG_Path_1",Has_CFG_Path
"org.apache.commons.csv.ExtendedBufferedReader.read(char[],int,int)","org.apache.commons.csv.ExtendedBufferedReader.read(char[],int,int).CFG_Path_2",Has_CFG_Path
"org.apache.commons.csv.ExtendedBufferedReader.read(char[],int,int)","org.apache.commons.csv.ExtendedBufferedReader.read(char[],int,int).CFG_Path_3",Has_CFG_Path
"org.apache.commons.csv.ExtendedBufferedReader.read(char[],int,int)","org.apache.commons.csv.ExtendedBufferedReader.read(char[],int,int).CFG_Path_4",Has_CFG_Path
"org.apache.commons.csv.ExtendedBufferedReader.read(char[],int,int)","org.apache.commons.csv.ExtendedBufferedReader.read(char[],int,int).CFG_Path_5",Has_CFG_Path
"org.apache.commons.csv.ExtendedBufferedReader.read(char[],int,int)","org.apache.commons.csv.ExtendedBufferedReader.read(char[],int,int).CFG_Path_6",Has_CFG_Path
"org.apache.commons.csv.ExtendedBufferedReader.read(char[],int,int)","org.apache.commons.csv.ExtendedBufferedReader.read(char[],int,int).CFG_Path_7",Has_CFG_Path
"org.apache.commons.csv.ExtendedBufferedReader.read(char[],int,int)","org.apache.commons.csv.ExtendedBufferedReader.read(char[],int,int).CFG_Path_8",Has_CFG_Path
"org.apache.commons.csv.ExtendedBufferedReader.read(char[],int,int)","org.apache.commons.csv.ExtendedBufferedReader.read(char[],int,int).CFG_Path_9",Has_CFG_Path
"org.apache.commons.csv.ExtendedBufferedReader.read(char[],int,int)","org.apache.commons.csv.ExtendedBufferedReader.read(char[],int,int).CFG_Path_10",Has_CFG_Path
org.apache.commons.csv.ExtendedBufferedReader.readLine(),org.apache.commons.csv.ExtendedBufferedReader.readLine().CFG_Path_1,Has_CFG_Path
org.apache.commons.csv.ExtendedBufferedReader.readLine(),org.apache.commons.csv.ExtendedBufferedReader.readLine().CFG_Path_2,Has_CFG_Path
org.apache.commons.csv.ExtendedBufferedReader.readLine(),org.apache.commons.csv.ExtendedBufferedReader.readLine().CFG_Path_3,Has_CFG_Path
org.apache.commons.csv.ExtendedBufferedReader.readLine(),org.apache.commons.csv.ExtendedBufferedReader.readLine().CFG_Path_4,Has_CFG_Path
org.apache.commons.csv.ExtendedBufferedReader.readLine(),org.apache.commons.csv.ExtendedBufferedReader.readLine().CFG_Path_5,Has_CFG_Path
org.apache.commons.csv.ExtendedBufferedReader.readLine(),org.apache.commons.csv.ExtendedBufferedReader.readLine().CFG_Path_6,Has_CFG_Path
org.apache.commons.csv.ExtendedBufferedReader.readLine(),org.apache.commons.csv.ExtendedBufferedReader.readLine().CFG_Path_7,Has_CFG_Path
org.apache.commons.csv.ExtendedBufferedReader.readLine(),org.apache.commons.csv.ExtendedBufferedReader.readLine().CFG_Path_8,Has_CFG_Path
org.apache.commons.csv.ExtendedBufferedReader.readLine(),org.apache.commons.csv.ExtendedBufferedReader.readLine().CFG_Path_9,Has_CFG_Path
org.apache.commons.csv.ExtendedBufferedReader.readLine(),org.apache.commons.csv.ExtendedBufferedReader.readLine().CFG_Path_10,Has_CFG_Path
org.apache.commons.csv.ExtendedBufferedReader.readLine(),org.apache.commons.csv.ExtendedBufferedReader.readLine().CFG_Path_11,Has_CFG_Path
org.apache.commons.csv.ExtendedBufferedReader.readLine(),org.apache.commons.csv.ExtendedBufferedReader.readLine().CFG_Path_12,Has_CFG_Path
org.apache.commons.csv.ExtendedBufferedReader.readLine(),org.apache.commons.csv.ExtendedBufferedReader.readLine().CFG_Path_13,Has_CFG_Path
org.apache.commons.csv.ExtendedBufferedReader.readLine(),org.apache.commons.csv.ExtendedBufferedReader.readLine().CFG_Path_14,Has_CFG_Path
org.apache.commons.csv.ExtendedBufferedReader.readLine(),org.apache.commons.csv.ExtendedBufferedReader.readLine().CFG_Path_15,Has_CFG_Path
org.apache.commons.csv.ExtendedBufferedReader.readLine(),org.apache.commons.csv.ExtendedBufferedReader.readLine().CFG_Path_16,Has_CFG_Path
org.apache.commons.csv.ExtendedBufferedReader.readLine(),org.apache.commons.csv.ExtendedBufferedReader.readLine().CFG_Path_17,Has_CFG_Path
org.apache.commons.csv.ExtendedBufferedReader.readLine(),org.apache.commons.csv.ExtendedBufferedReader.readLine().CFG_Path_18,Has_CFG_Path
org.apache.commons.csv.ExtendedBufferedReader.readLine(),org.apache.commons.csv.ExtendedBufferedReader.readLine().CFG_Path_19,Has_CFG_Path
org.apache.commons.csv.ExtendedBufferedReader.readLine(),org.apache.commons.csv.ExtendedBufferedReader.readLine().CFG_Path_20,Has_CFG_Path
org.apache.commons.csv.ExtendedBufferedReader.readLine(),org.apache.commons.csv.ExtendedBufferedReader.readLine().CFG_Path_21,Has_CFG_Path
org.apache.commons.csv.ExtendedBufferedReader.readLine(),org.apache.commons.csv.ExtendedBufferedReader.readLine().CFG_Path_22,Has_CFG_Path
org.apache.commons.csv.ExtendedBufferedReader.readLine(),org.apache.commons.csv.ExtendedBufferedReader.readLine().CFG_Path_23,Has_CFG_Path
org.apache.commons.csv.ExtendedBufferedReader.readLine(),org.apache.commons.csv.ExtendedBufferedReader.readLine().CFG_Path_24,Has_CFG_Path
org.apache.commons.csv.ExtendedBufferedReader.readLine(),org.apache.commons.csv.ExtendedBufferedReader.readLine().CFG_Path_25,Has_CFG_Path
org.apache.commons.csv.ExtendedBufferedReader.readLine(),org.apache.commons.csv.ExtendedBufferedReader.readLine().CFG_Path_26,Has_CFG_Path
org.apache.commons.csv.ExtendedBufferedReader.readLine(),org.apache.commons.csv.ExtendedBufferedReader.readLine().CFG_Path_27,Has_CFG_Path
org.apache.commons.csv.ExtendedBufferedReader.readLine(),org.apache.commons.csv.ExtendedBufferedReader.readLine().CFG_Path_28,Has_CFG_Path
org.apache.commons.csv.ExtendedBufferedReader.readLine(),org.apache.commons.csv.ExtendedBufferedReader.readLine().CFG_Path_29,Has_CFG_Path
org.apache.commons.csv.ExtendedBufferedReader.readLine(),org.apache.commons.csv.ExtendedBufferedReader.readLine().CFG_Path_30,Has_CFG_Path
org.apache.commons.csv.ExtendedBufferedReader.readLine(),org.apache.commons.csv.ExtendedBufferedReader.readLine().CFG_Path_31,Has_CFG_Path
org.apache.commons.csv.ExtendedBufferedReader.readLine(),org.apache.commons.csv.ExtendedBufferedReader.readLine().CFG_Path_32,Has_CFG_Path
org.apache.commons.csv.ExtendedBufferedReader.readLine(),org.apache.commons.csv.ExtendedBufferedReader.readLine().CFG_Path_33,Has_CFG_Path
org.apache.commons.csv.ExtendedBufferedReader.readLine(),org.apache.commons.csv.ExtendedBufferedReader.readLine().CFG_Path_34,Has_CFG_Path
org.apache.commons.csv.ExtendedBufferedReader.readLine(),org.apache.commons.csv.ExtendedBufferedReader.readLine().CFG_Path_35,Has_CFG_Path
org.apache.commons.csv.ExtendedBufferedReader.readLine(),org.apache.commons.csv.ExtendedBufferedReader.readLine().CFG_Path_36,Has_CFG_Path
org.apache.commons.csv.ExtendedBufferedReader.readLine(),org.apache.commons.csv.ExtendedBufferedReader.readLine().CFG_Path_37,Has_CFG_Path
org.apache.commons.csv.ExtendedBufferedReader.reset(),org.apache.commons.csv.ExtendedBufferedReader.reset().CFG_Path_1,Has_CFG_Path
org.apache.commons.csv.ExtendedBufferedReader.<init>(Reader),org.apache.commons.csv.ExtendedBufferedReader.<init>(Reader).CFG_Path_1,Has_CFG_Path
"org.apache.commons.csv.ExtendedBufferedReader.<init>(Reader,Charset,boolean)","org.apache.commons.csv.ExtendedBufferedReader.<init>(Reader,Charset,boolean).CFG_Path_1",Has_CFG_Path
"org.apache.commons.csv.ExtendedBufferedReader.<init>(Reader,Charset,boolean)","org.apache.commons.csv.ExtendedBufferedReader.<init>(Reader,Charset,boolean).CFG_Path_2",Has_CFG_Path
"org.apache.commons.csv.ExtendedBufferedReader.<init>(Reader,Charset,boolean)","org.apache.commons.csv.ExtendedBufferedReader.<init>(Reader,Charset,boolean).CFG_Path_3",Has_CFG_Path
org.apache.commons.csv.Lexer.appendNextEscapedCharacterToToken(Token),org.apache.commons.csv.Lexer.appendNextEscapedCharacterToToken(Token).CFG_Path_1,Has_CFG_Path
org.apache.commons.csv.Lexer.appendNextEscapedCharacterToToken(Token),org.apache.commons.csv.Lexer.appendNextEscapedCharacterToToken(Token).CFG_Path_2,Has_CFG_Path
org.apache.commons.csv.Lexer.appendNextEscapedCharacterToToken(Token),org.apache.commons.csv.Lexer.appendNextEscapedCharacterToToken(Token).CFG_Path_3,Has_CFG_Path
org.apache.commons.csv.Lexer.close(),org.apache.commons.csv.Lexer.close().CFG_Path_1,Has_CFG_Path
org.apache.commons.csv.Lexer.getBytesRead(),org.apache.commons.csv.Lexer.getBytesRead().CFG_Path_1,Has_CFG_Path
org.apache.commons.csv.Lexer.getCharacterPosition(),org.apache.commons.csv.Lexer.getCharacterPosition().CFG_Path_1,Has_CFG_Path
org.apache.commons.csv.Lexer.getCurrentLineNumber(),org.apache.commons.csv.Lexer.getCurrentLineNumber().CFG_Path_1,Has_CFG_Path
org.apache.commons.csv.Lexer.getFirstEol(),org.apache.commons.csv.Lexer.getFirstEol().CFG_Path_1,Has_CFG_Path
org.apache.commons.csv.Lexer.isClosed(),org.apache.commons.csv.Lexer.isClosed().CFG_Path_1,Has_CFG_Path
org.apache.commons.csv.Lexer.isCommentStart(int),org.apache.commons.csv.Lexer.isCommentStart(int).CFG_Path_1,Has_CFG_Path
org.apache.commons.csv.Lexer.isCommentStart(int),org.apache.commons.csv.Lexer.isCommentStart(int).CFG_Path_2,Has_CFG_Path
org.apache.commons.csv.Lexer.isDelimiter(int),org.apache.commons.csv.Lexer.isDelimiter(int).CFG_Path_1,Has_CFG_Path
org.apache.commons.csv.Lexer.isDelimiter(int),org.apache.commons.csv.Lexer.isDelimiter(int).CFG_Path_2,Has_CFG_Path
org.apache.commons.csv.Lexer.isDelimiter(int),org.apache.commons.csv.Lexer.isDelimiter(int).CFG_Path_3,Has_CFG_Path
org.apache.commons.csv.Lexer.isDelimiter(int),org.apache.commons.csv.Lexer.isDelimiter(int).CFG_Path_4,Has_CFG_Path
org.apache.commons.csv.Lexer.isDelimiter(int),org.apache.commons.csv.Lexer.isDelimiter(int).CFG_Path_5,Has_CFG_Path
org.apache.commons.csv.Lexer.isDelimiter(int),org.apache.commons.csv.Lexer.isDelimiter(int).CFG_Path_6,Has_CFG_Path
org.apache.commons.csv.Lexer.isDelimiter(int),org.apache.commons.csv.Lexer.isDelimiter(int).CFG_Path_7,Has_CFG_Path
org.apache.commons.csv.Lexer.isDelimiter(int),org.apache.commons.csv.Lexer.isDelimiter(int).CFG_Path_8,Has_CFG_Path
org.apache.commons.csv.Lexer.isEndOfFile(int),org.apache.commons.csv.Lexer.isEndOfFile(int).CFG_Path_1,Has_CFG_Path
org.apache.commons.csv.Lexer.isEndOfFile(int),org.apache.commons.csv.Lexer.isEndOfFile(int).CFG_Path_2,Has_CFG_Path
org.apache.commons.csv.Lexer.isEscape(int),org.apache.commons.csv.Lexer.isEscape(int).CFG_Path_1,Has_CFG_Path
org.apache.commons.csv.Lexer.isEscape(int),org.apache.commons.csv.Lexer.isEscape(int).CFG_Path_2,Has_CFG_Path
org.apache.commons.csv.Lexer.isEscapeDelimiter(),org.apache.commons.csv.Lexer.isEscapeDelimiter().CFG_Path_1,Has_CFG_Path
org.apache.commons.csv.Lexer.isEscapeDelimiter(),org.apache.commons.csv.Lexer.isEscapeDelimiter().CFG_Path_2,Has_CFG_Path
org.apache.commons.csv.Lexer.isEscapeDelimiter(),org.apache.commons.csv.Lexer.isEscapeDelimiter().CFG_Path_3,Has_CFG_Path
org.apache.commons.csv.Lexer.isEscapeDelimiter(),org.apache.commons.csv.Lexer.isEscapeDelimiter().CFG_Path_4,Has_CFG_Path
org.apache.commons.csv.Lexer.isEscapeDelimiter(),org.apache.commons.csv.Lexer.isEscapeDelimiter().CFG_Path_5,Has_CFG_Path
org.apache.commons.csv.Lexer.isEscapeDelimiter(),org.apache.commons.csv.Lexer.isEscapeDelimiter().CFG_Path_6,Has_CFG_Path
org.apache.commons.csv.Lexer.isEscapeDelimiter(),org.apache.commons.csv.Lexer.isEscapeDelimiter().CFG_Path_7,Has_CFG_Path
org.apache.commons.csv.Lexer.isEscapeDelimiter(),org.apache.commons.csv.Lexer.isEscapeDelimiter().CFG_Path_8,Has_CFG_Path
org.apache.commons.csv.Lexer.isEscapeDelimiter(),org.apache.commons.csv.Lexer.isEscapeDelimiter().CFG_Path_9,Has_CFG_Path
org.apache.commons.csv.Lexer.isMetaChar(int),org.apache.commons.csv.Lexer.isMetaChar(int).CFG_Path_1,Has_CFG_Path
org.apache.commons.csv.Lexer.isMetaChar(int),org.apache.commons.csv.Lexer.isMetaChar(int).CFG_Path_2,Has_CFG_Path
org.apache.commons.csv.Lexer.isMetaChar(int),org.apache.commons.csv.Lexer.isMetaChar(int).CFG_Path_3,Has_CFG_Path
org.apache.commons.csv.Lexer.isMetaChar(int),org.apache.commons.csv.Lexer.isMetaChar(int).CFG_Path_4,Has_CFG_Path
org.apache.commons.csv.Lexer.isQuoteChar(int),org.apache.commons.csv.Lexer.isQuoteChar(int).CFG_Path_1,Has_CFG_Path
org.apache.commons.csv.Lexer.isQuoteChar(int),org.apache.commons.csv.Lexer.isQuoteChar(int).CFG_Path_2,Has_CFG_Path
org.apache.commons.csv.Lexer.isStartOfLine(int),org.apache.commons.csv.Lexer.isStartOfLine(int).CFG_Path_1,Has_CFG_Path
org.apache.commons.csv.Lexer.isStartOfLine(int),org.apache.commons.csv.Lexer.isStartOfLine(int).CFG_Path_2,Has_CFG_Path
org.apache.commons.csv.Lexer.isStartOfLine(int),org.apache.commons.csv.Lexer.isStartOfLine(int).CFG_Path_3,Has_CFG_Path
org.apache.commons.csv.Lexer.isStartOfLine(int),org.apache.commons.csv.Lexer.isStartOfLine(int).CFG_Path_4,Has_CFG_Path
org.apache.commons.csv.Lexer.nullToDisabled(Character),org.apache.commons.csv.Lexer.nullToDisabled(Character).CFG_Path_1,Has_CFG_Path
org.apache.commons.csv.Lexer.nullToDisabled(Character),org.apache.commons.csv.Lexer.nullToDisabled(Character).CFG_Path_2,Has_CFG_Path
"org.apache.commons.csv.Lexer.parseSimpleToken(Token,int)","org.apache.commons.csv.Lexer.parseSimpleToken(Token,int).CFG_Path_1",Has_CFG_Path
"org.apache.commons.csv.Lexer.parseSimpleToken(Token,int)","org.apache.commons.csv.Lexer.parseSimpleToken(Token,int).CFG_Path_2",Has_CFG_Path
"org.apache.commons.csv.Lexer.parseSimpleToken(Token,int)","org.apache.commons.csv.Lexer.parseSimpleToken(Token,int).CFG_Path_3",Has_CFG_Path
"org.apache.commons.csv.Lexer.parseSimpleToken(Token,int)","org.apache.commons.csv.Lexer.parseSimpleToken(Token,int).CFG_Path_4",Has_CFG_Path
"org.apache.commons.csv.Lexer.parseSimpleToken(Token,int)","org.apache.commons.csv.Lexer.parseSimpleToken(Token,int).CFG_Path_5",Has_CFG_Path
"org.apache.commons.csv.Lexer.parseSimpleToken(Token,int)","org.apache.commons.csv.Lexer.parseSimpleToken(Token,int).CFG_Path_6",Has_CFG_Path
"org.apache.commons.csv.Lexer.parseSimpleToken(Token,int)","org.apache.commons.csv.Lexer.parseSimpleToken(Token,int).CFG_Path_7",Has_CFG_Path
"org.apache.commons.csv.Lexer.parseSimpleToken(Token,int)","org.apache.commons.csv.Lexer.parseSimpleToken(Token,int).CFG_Path_8",Has_CFG_Path
"org.apache.commons.csv.Lexer.parseSimpleToken(Token,int)","org.apache.commons.csv.Lexer.parseSimpleToken(Token,int).CFG_Path_9",Has_CFG_Path
"org.apache.commons.csv.Lexer.parseSimpleToken(Token,int)","org.apache.commons.csv.Lexer.parseSimpleToken(Token,int).CFG_Path_10",Has_CFG_Path
"org.apache.commons.csv.Lexer.parseSimpleToken(Token,int)","org.apache.commons.csv.Lexer.parseSimpleToken(Token,int).CFG_Path_11",Has_CFG_Path
"org.apache.commons.csv.Lexer.parseSimpleToken(Token,int)","org.apache.commons.csv.Lexer.parseSimpleToken(Token,int).CFG_Path_12",Has_CFG_Path
"org.apache.commons.csv.Lexer.parseSimpleToken(Token,int)","org.apache.commons.csv.Lexer.parseSimpleToken(Token,int).CFG_Path_13",Has_CFG_Path
"org.apache.commons.csv.Lexer.parseSimpleToken(Token,int)","org.apache.commons.csv.Lexer.parseSimpleToken(Token,int).CFG_Path_14",Has_CFG_Path
"org.apache.commons.csv.Lexer.parseSimpleToken(Token,int)","org.apache.commons.csv.Lexer.parseSimpleToken(Token,int).CFG_Path_15",Has_CFG_Path
"org.apache.commons.csv.Lexer.parseSimpleToken(Token,int)","org.apache.commons.csv.Lexer.parseSimpleToken(Token,int).CFG_Path_16",Has_CFG_Path
"org.apache.commons.csv.Lexer.parseSimpleToken(Token,int)","org.apache.commons.csv.Lexer.parseSimpleToken(Token,int).CFG_Path_17",Has_CFG_Path
"org.apache.commons.csv.Lexer.parseSimpleToken(Token,int)","org.apache.commons.csv.Lexer.parseSimpleToken(Token,int).CFG_Path_18",Has_CFG_Path
org.apache.commons.csv.Lexer.readEndOfLine(int),org.apache.commons.csv.Lexer.readEndOfLine(int).CFG_Path_1,Has_CFG_Path
org.apache.commons.csv.Lexer.readEndOfLine(int),org.apache.commons.csv.Lexer.readEndOfLine(int).CFG_Path_2,Has_CFG_Path
org.apache.commons.csv.Lexer.readEndOfLine(int),org.apache.commons.csv.Lexer.readEndOfLine(int).CFG_Path_3,Has_CFG_Path
org.apache.commons.csv.Lexer.readEndOfLine(int),org.apache.commons.csv.Lexer.readEndOfLine(int).CFG_Path_4,Has_CFG_Path
org.apache.commons.csv.Lexer.readEndOfLine(int),org.apache.commons.csv.Lexer.readEndOfLine(int).CFG_Path_5,Has_CFG_Path
org.apache.commons.csv.Lexer.readEndOfLine(int),org.apache.commons.csv.Lexer.readEndOfLine(int).CFG_Path_6,Has_CFG_Path
org.apache.commons.csv.Lexer.readEndOfLine(int),org.apache.commons.csv.Lexer.readEndOfLine(int).CFG_Path_7,Has_CFG_Path
org.apache.commons.csv.Lexer.readEndOfLine(int),org.apache.commons.csv.Lexer.readEndOfLine(int).CFG_Path_8,Has_CFG_Path
org.apache.commons.csv.Lexer.readEndOfLine(int),org.apache.commons.csv.Lexer.readEndOfLine(int).CFG_Path_9,Has_CFG_Path
org.apache.commons.csv.Lexer.readEndOfLine(int),org.apache.commons.csv.Lexer.readEndOfLine(int).CFG_Path_10,Has_CFG_Path
org.apache.commons.csv.Lexer.readEndOfLine(int),org.apache.commons.csv.Lexer.readEndOfLine(int).CFG_Path_11,Has_CFG_Path
org.apache.commons.csv.Lexer.readEndOfLine(int),org.apache.commons.csv.Lexer.readEndOfLine(int).CFG_Path_12,Has_CFG_Path
org.apache.commons.csv.Lexer.readEndOfLine(int),org.apache.commons.csv.Lexer.readEndOfLine(int).CFG_Path_13,Has_CFG_Path
org.apache.commons.csv.Lexer.readEndOfLine(int),org.apache.commons.csv.Lexer.readEndOfLine(int).CFG_Path_14,Has_CFG_Path
org.apache.commons.csv.Lexer.readEndOfLine(int),org.apache.commons.csv.Lexer.readEndOfLine(int).CFG_Path_15,Has_CFG_Path
org.apache.commons.csv.Lexer.readEndOfLine(int),org.apache.commons.csv.Lexer.readEndOfLine(int).CFG_Path_16,Has_CFG_Path
org.apache.commons.csv.Lexer.readEndOfLine(int),org.apache.commons.csv.Lexer.readEndOfLine(int).CFG_Path_17,Has_CFG_Path
org.apache.commons.csv.Lexer.readEndOfLine(int),org.apache.commons.csv.Lexer.readEndOfLine(int).CFG_Path_18,Has_CFG_Path
org.apache.commons.csv.Lexer.readEndOfLine(int),org.apache.commons.csv.Lexer.readEndOfLine(int).CFG_Path_19,Has_CFG_Path
org.apache.commons.csv.Lexer.readEndOfLine(int),org.apache.commons.csv.Lexer.readEndOfLine(int).CFG_Path_20,Has_CFG_Path
org.apache.commons.csv.Lexer.readEndOfLine(int),org.apache.commons.csv.Lexer.readEndOfLine(int).CFG_Path_21,Has_CFG_Path
org.apache.commons.csv.Lexer.readEndOfLine(int),org.apache.commons.csv.Lexer.readEndOfLine(int).CFG_Path_22,Has_CFG_Path
org.apache.commons.csv.Lexer.readEndOfLine(int),org.apache.commons.csv.Lexer.readEndOfLine(int).CFG_Path_23,Has_CFG_Path
org.apache.commons.csv.Lexer.readEndOfLine(int),org.apache.commons.csv.Lexer.readEndOfLine(int).CFG_Path_24,Has_CFG_Path
org.apache.commons.csv.Lexer.readEndOfLine(int),org.apache.commons.csv.Lexer.readEndOfLine(int).CFG_Path_25,Has_CFG_Path
org.apache.commons.csv.Lexer.readEndOfLine(int),org.apache.commons.csv.Lexer.readEndOfLine(int).CFG_Path_26,Has_CFG_Path
org.apache.commons.csv.Lexer.readEndOfLine(int),org.apache.commons.csv.Lexer.readEndOfLine(int).CFG_Path_27,Has_CFG_Path
org.apache.commons.csv.Lexer.readEndOfLine(int),org.apache.commons.csv.Lexer.readEndOfLine(int).CFG_Path_28,Has_CFG_Path
org.apache.commons.csv.Lexer.readEndOfLine(int),org.apache.commons.csv.Lexer.readEndOfLine(int).CFG_Path_29,Has_CFG_Path
org.apache.commons.csv.Lexer.readEndOfLine(int),org.apache.commons.csv.Lexer.readEndOfLine(int).CFG_Path_30,Has_CFG_Path
org.apache.commons.csv.Lexer.readEndOfLine(int),org.apache.commons.csv.Lexer.readEndOfLine(int).CFG_Path_31,Has_CFG_Path
org.apache.commons.csv.Lexer.readEndOfLine(int),org.apache.commons.csv.Lexer.readEndOfLine(int).CFG_Path_32,Has_CFG_Path
org.apache.commons.csv.Lexer.readEndOfLine(int),org.apache.commons.csv.Lexer.readEndOfLine(int).CFG_Path_33,Has_CFG_Path
org.apache.commons.csv.Lexer.readEndOfLine(int),org.apache.commons.csv.Lexer.readEndOfLine(int).CFG_Path_34,Has_CFG_Path
org.apache.commons.csv.Lexer.readEndOfLine(int),org.apache.commons.csv.Lexer.readEndOfLine(int).CFG_Path_35,Has_CFG_Path
org.apache.commons.csv.Lexer.readEndOfLine(int),org.apache.commons.csv.Lexer.readEndOfLine(int).CFG_Path_36,Has_CFG_Path
org.apache.commons.csv.Lexer.readEndOfLine(int),org.apache.commons.csv.Lexer.readEndOfLine(int).CFG_Path_37,Has_CFG_Path
org.apache.commons.csv.Lexer.readEndOfLine(int),org.apache.commons.csv.Lexer.readEndOfLine(int).CFG_Path_38,Has_CFG_Path
org.apache.commons.csv.Lexer.readEndOfLine(int),org.apache.commons.csv.Lexer.readEndOfLine(int).CFG_Path_39,Has_CFG_Path
org.apache.commons.csv.Lexer.readEndOfLine(int),org.apache.commons.csv.Lexer.readEndOfLine(int).CFG_Path_40,Has_CFG_Path
org.apache.commons.csv.Lexer.readEndOfLine(int),org.apache.commons.csv.Lexer.readEndOfLine(int).CFG_Path_41,Has_CFG_Path
org.apache.commons.csv.Lexer.readEndOfLine(int),org.apache.commons.csv.Lexer.readEndOfLine(int).CFG_Path_42,Has_CFG_Path
org.apache.commons.csv.Lexer.readEndOfLine(int),org.apache.commons.csv.Lexer.readEndOfLine(int).CFG_Path_43,Has_CFG_Path
org.apache.commons.csv.Lexer.readEndOfLine(int),org.apache.commons.csv.Lexer.readEndOfLine(int).CFG_Path_44,Has_CFG_Path
org.apache.commons.csv.Lexer.readEndOfLine(int),org.apache.commons.csv.Lexer.readEndOfLine(int).CFG_Path_45,Has_CFG_Path
org.apache.commons.csv.Lexer.readEndOfLine(int),org.apache.commons.csv.Lexer.readEndOfLine(int).CFG_Path_46,Has_CFG_Path
org.apache.commons.csv.Lexer.readEndOfLine(int),org.apache.commons.csv.Lexer.readEndOfLine(int).CFG_Path_47,Has_CFG_Path
org.apache.commons.csv.Lexer.readEndOfLine(int),org.apache.commons.csv.Lexer.readEndOfLine(int).CFG_Path_48,Has_CFG_Path
org.apache.commons.csv.Lexer.readEscape(),org.apache.commons.csv.Lexer.readEscape().CFG_Path_1,Has_CFG_Path
org.apache.commons.csv.Lexer.readEscape(),org.apache.commons.csv.Lexer.readEscape().CFG_Path_2,Has_CFG_Path
org.apache.commons.csv.Lexer.readEscape(),org.apache.commons.csv.Lexer.readEscape().CFG_Path_3,Has_CFG_Path
org.apache.commons.csv.Lexer.readEscape(),org.apache.commons.csv.Lexer.readEscape().CFG_Path_4,Has_CFG_Path
org.apache.commons.csv.Lexer.readEscape(),org.apache.commons.csv.Lexer.readEscape().CFG_Path_5,Has_CFG_Path
org.apache.commons.csv.Lexer.readEscape(),org.apache.commons.csv.Lexer.readEscape().CFG_Path_6,Has_CFG_Path
org.apache.commons.csv.Lexer.readEscape(),org.apache.commons.csv.Lexer.readEscape().CFG_Path_7,Has_CFG_Path
org.apache.commons.csv.Lexer.readEscape(),org.apache.commons.csv.Lexer.readEscape().CFG_Path_8,Has_CFG_Path
org.apache.commons.csv.Lexer.readEscape(),org.apache.commons.csv.Lexer.readEscape().CFG_Path_9,Has_CFG_Path
org.apache.commons.csv.Lexer.trimTrailingSpaces(StringBuilder),org.apache.commons.csv.Lexer.trimTrailingSpaces(StringBuilder).CFG_Path_1,Has_CFG_Path
org.apache.commons.csv.Lexer.trimTrailingSpaces(StringBuilder),org.apache.commons.csv.Lexer.trimTrailingSpaces(StringBuilder).CFG_Path_2,Has_CFG_Path
org.apache.commons.csv.Lexer.trimTrailingSpaces(StringBuilder),org.apache.commons.csv.Lexer.trimTrailingSpaces(StringBuilder).CFG_Path_3,Has_CFG_Path
org.apache.commons.csv.Lexer.trimTrailingSpaces(StringBuilder),org.apache.commons.csv.Lexer.trimTrailingSpaces(StringBuilder).CFG_Path_4,Has_CFG_Path
org.apache.commons.csv.Lexer.trimTrailingSpaces(StringBuilder),org.apache.commons.csv.Lexer.trimTrailingSpaces(StringBuilder).CFG_Path_5,Has_CFG_Path
org.apache.commons.csv.Lexer.trimTrailingSpaces(StringBuilder),org.apache.commons.csv.Lexer.trimTrailingSpaces(StringBuilder).CFG_Path_6,Has_CFG_Path
org.apache.commons.csv.Lexer.trimTrailingSpaces(StringBuilder),org.apache.commons.csv.Lexer.trimTrailingSpaces(StringBuilder).CFG_Path_7,Has_CFG_Path
org.apache.commons.csv.Lexer.trimTrailingSpaces(StringBuilder),org.apache.commons.csv.Lexer.trimTrailingSpaces(StringBuilder).CFG_Path_8,Has_CFG_Path
"org.apache.commons.csv.Lexer.<init>(CSVFormat,ExtendedBufferedReader)","org.apache.commons.csv.Lexer.<init>(CSVFormat,ExtendedBufferedReader).CFG_Path_1",Has_CFG_Path
org.apache.commons.csv.Token.reset(),org.apache.commons.csv.Token.reset().CFG_Path_1,Has_CFG_Path
org.apache.commons.csv.Token.toString(),org.apache.commons.csv.Token.toString().CFG_Path_1,Has_CFG_Path
"org.apache.commons.csv.CSVException.<init>(String,Object[])","org.apache.commons.csv.CSVException.<init>(String,Object[]).CFG_Path_1",Has_CFG_Path
org.apache.commons.csv.Constants.<init>(),org.apache.commons.csv.Constants.<init>().CFG_Path_1,Has_CFG_Path
org.apache.commons.csv.CSVRecord.get(Enum),org.apache.commons.csv.CSVRecord.get(Enum).CFG_Path_1,Has_CFG_Path
org.apache.commons.csv.CSVRecord.get(Enum),org.apache.commons.csv.CSVRecord.get(Enum).CFG_Path_2,Has_CFG_Path
org.apache.commons.csv.CSVRecord.get(int),org.apache.commons.csv.CSVRecord.get(int).CFG_Path_1,Has_CFG_Path
org.apache.commons.csv.CSVRecord.get(String),org.apache.commons.csv.CSVRecord.get(String).CFG_Path_1,Has_CFG_Path
org.apache.commons.csv.CSVRecord.get(String),org.apache.commons.csv.CSVRecord.get(String).CFG_Path_2,Has_CFG_Path
org.apache.commons.csv.CSVRecord.get(String),org.apache.commons.csv.CSVRecord.get(String).CFG_Path_3,Has_CFG_Path
org.apache.commons.csv.CSVRecord.get(String),org.apache.commons.csv.CSVRecord.get(String).CFG_Path_4,Has_CFG_Path
org.apache.commons.csv.CSVRecord.get(String),org.apache.commons.csv.CSVRecord.get(String).CFG_Path_5,Has_CFG_Path
org.apache.commons.csv.CSVRecord.get(String),org.apache.commons.csv.CSVRecord.get(String).CFG_Path_6,Has_CFG_Path
org.apache.commons.csv.CSVRecord.getBytePosition(),org.apache.commons.csv.CSVRecord.getBytePosition().CFG_Path_1,Has_CFG_Path
org.apache.commons.csv.CSVRecord.getCharacterPosition(),org.apache.commons.csv.CSVRecord.getCharacterPosition().CFG_Path_1,Has_CFG_Path
org.apache.commons.csv.CSVRecord.getComment(),org.apache.commons.csv.CSVRecord.getComment().CFG_Path_1,Has_CFG_Path
org.apache.commons.csv.CSVRecord.getHeaderMapRaw(),org.apache.commons.csv.CSVRecord.getHeaderMapRaw().CFG_Path_1,Has_CFG_Path
org.apache.commons.csv.CSVRecord.getHeaderMapRaw(),org.apache.commons.csv.CSVRecord.getHeaderMapRaw().CFG_Path_2,Has_CFG_Path
org.apache.commons.csv.CSVRecord.getParser(),org.apache.commons.csv.CSVRecord.getParser().CFG_Path_1,Has_CFG_Path
org.apache.commons.csv.CSVRecord.getRecordNumber(),org.apache.commons.csv.CSVRecord.getRecordNumber().CFG_Path_1,Has_CFG_Path
org.apache.commons.csv.CSVRecord.hasComment(),org.apache.commons.csv.CSVRecord.hasComment().CFG_Path_1,Has_CFG_Path
org.apache.commons.csv.CSVRecord.hasComment(),org.apache.commons.csv.CSVRecord.hasComment().CFG_Path_2,Has_CFG_Path
org.apache.commons.csv.CSVRecord.isConsistent(),org.apache.commons.csv.CSVRecord.isConsistent().CFG_Path_1,Has_CFG_Path
org.apache.commons.csv.CSVRecord.isConsistent(),org.apache.commons.csv.CSVRecord.isConsistent().CFG_Path_2,Has_CFG_Path
org.apache.commons.csv.CSVRecord.isConsistent(),org.apache.commons.csv.CSVRecord.isConsistent().CFG_Path_3,Has_CFG_Path
org.apache.commons.csv.CSVRecord.isMapped(String),org.apache.commons.csv.CSVRecord.isMapped(String).CFG_Path_1,Has_CFG_Path
org.apache.commons.csv.CSVRecord.isMapped(String),org.apache.commons.csv.CSVRecord.isMapped(String).CFG_Path_2,Has_CFG_Path
org.apache.commons.csv.CSVRecord.isMapped(String),org.apache.commons.csv.CSVRecord.isMapped(String).CFG_Path_3,Has_CFG_Path
org.apache.commons.csv.CSVRecord.isSet(int),org.apache.commons.csv.CSVRecord.isSet(int).CFG_Path_1,Has_CFG_Path
org.apache.commons.csv.CSVRecord.isSet(int),org.apache.commons.csv.CSVRecord.isSet(int).CFG_Path_2,Has_CFG_Path
org.apache.commons.csv.CSVRecord.isSet(int),org.apache.commons.csv.CSVRecord.isSet(int).CFG_Path_3,Has_CFG_Path
org.apache.commons.csv.CSVRecord.isSet(String),org.apache.commons.csv.CSVRecord.isSet(String).CFG_Path_1,Has_CFG_Path
org.apache.commons.csv.CSVRecord.isSet(String),org.apache.commons.csv.CSVRecord.isSet(String).CFG_Path_2,Has_CFG_Path
org.apache.commons.csv.CSVRecord.isSet(String),org.apache.commons.csv.CSVRecord.isSet(String).CFG_Path_3,Has_CFG_Path
org.apache.commons.csv.CSVRecord.iterator(),org.apache.commons.csv.CSVRecord.iterator().CFG_Path_1,Has_CFG_Path
org.apache.commons.csv.CSVRecord.putIn(Map),org.apache.commons.csv.CSVRecord.putIn(Map).CFG_Path_1,Has_CFG_Path
org.apache.commons.csv.CSVRecord.putIn(Map),org.apache.commons.csv.CSVRecord.putIn(Map).CFG_Path_2,Has_CFG_Path
org.apache.commons.csv.CSVRecord.size(),org.apache.commons.csv.CSVRecord.size().CFG_Path_1,Has_CFG_Path
org.apache.commons.csv.CSVRecord.stream(),org.apache.commons.csv.CSVRecord.stream().CFG_Path_1,Has_CFG_Path
org.apache.commons.csv.CSVRecord.toList(),org.apache.commons.csv.CSVRecord.toList().CFG_Path_1,Has_CFG_Path
org.apache.commons.csv.CSVRecord.toMap(),org.apache.commons.csv.CSVRecord.toMap().CFG_Path_1,Has_CFG_Path
org.apache.commons.csv.CSVRecord.toString(),org.apache.commons.csv.CSVRecord.toString().CFG_Path_1,Has_CFG_Path
org.apache.commons.csv.CSVRecord.values(),org.apache.commons.csv.CSVRecord.values().CFG_Path_1,Has_CFG_Path
"org.apache.commons.csv.CSVRecord.<init>(CSVParser,String[],String,long,long,long)","org.apache.commons.csv.CSVRecord.<init>(CSVParser,String[],String,long,long,long).CFG_Path_1",Has_CFG_Path
"org.apache.commons.csv.CSVRecord.<init>(CSVParser,String[],String,long,long,long)","org.apache.commons.csv.CSVRecord.<init>(CSVParser,String[],String,long,long,long).CFG_Path_2",Has_CFG_Path
